"Freight Flows","Corridor","Lat","Long","Grouping","Daily$","DailyTons"
"US-26 EB Cedar Hills","Beaverton to Hillsboro",45.517317,-122.805484,"Agriculture",1193127,2596
"US-26 EB Cedar Hills","Beaverton to Hillsboro",455.17317,-1228.05484,"All Goods",6562611,10757
"US-26 EB Cedar Hills","Beaverton to Hillsboro",45.517317,-122.805484,"Chemical",296309,819
"US-26 EB Cedar Hills","Beaverton to Hillsboro",45.517317,-122.805484,"Coal, Oil, Waste, etc.",970933,2383
"US-26 EB Cedar Hills","Beaverton to Hillsboro",45.517317,-122.805484,"Electronics",331001,29
"US-26 EB Cedar Hills","Beaverton to Hillsboro",45.517317,-122.805484,"Food",532379,391
"US-26 EB Cedar Hills","Beaverton to Hillsboro",45.517317,-122.805484,"Gravel, Sand, etc.",4406,352
"US-26 EB Cedar Hills","Beaverton to Hillsboro",45.517317,-122.805484,"Machinery",633935,366
"US-26 EB Cedar Hills","Beaverton to Hillsboro",45.517317,-122.805484,"Misc manufactured",627820,300
"US-26 EB Cedar Hills","Beaverton to Hillsboro",45.517317,-122.805484,"Motor Vehicles, etc.",0,0
"US-26 EB Cedar Hills","Beaverton to Hillsboro",45.517317,-122.805484,"Wood, Paper, etc.",1972701,3521
"US-26 EB Helvetia","Beaverton to Hillsboro",45.558101,-122.914773,"Agriculture",1110175,2415
"US-26 EB Helvetia","Beaverton to Hillsboro",455.58101,-1229.14773,"All Goods",4644125,7679
"US-26 EB Helvetia","Beaverton to Hillsboro",45.558101,-122.914773,"Chemical",98273,272
"US-26 EB Helvetia","Beaverton to Hillsboro",45.558101,-122.914773,"Coal, Oil, Waste, etc.",711227,1746
"US-26 EB Helvetia","Beaverton to Hillsboro",45.558101,-122.914773,"Electronics",103306,9
"US-26 EB Helvetia","Beaverton to Hillsboro",45.558101,-122.914773,"Food",197314,145
"US-26 EB Helvetia","Beaverton to Hillsboro",45.558101,-122.914773,"Gravel, Sand, etc.",377,30
"US-26 EB Helvetia","Beaverton to Hillsboro",45.558101,-122.914773,"Machinery",443772,256
"US-26 EB Helvetia","Beaverton to Hillsboro",45.558101,-122.914773,"Misc manufactured",556851,266
"US-26 EB Helvetia","Beaverton to Hillsboro",45.558101,-122.914773,"Motor Vehicles, etc.",0,0
"US-26 EB Helvetia","Beaverton to Hillsboro",45.558101,-122.914773,"Wood, Paper, etc.",1422829,2540
"US-26 WB Cedar Hills","Beaverton to Hillsboro",45.519151,-122.805012,"Agriculture",403341,878
"US-26 WB Cedar Hills","Beaverton to Hillsboro",455.19151,-1228.05012,"All Goods",8198114,7682
"US-26 WB Cedar Hills","Beaverton to Hillsboro",45.519151,-122.805012,"Chemical",203266,562
"US-26 WB Cedar Hills","Beaverton to Hillsboro",45.519151,-122.805012,"Coal, Oil, Waste, etc.",795461,1953
"US-26 WB Cedar Hills","Beaverton to Hillsboro",45.519151,-122.805012,"Electronics",448027,39
"US-26 WB Cedar Hills","Beaverton to Hillsboro",45.519151,-122.805012,"Food",1254722,921
"US-26 WB Cedar Hills","Beaverton to Hillsboro",45.519151,-122.805012,"Gravel, Sand, etc.",7445,594
"US-26 WB Cedar Hills","Beaverton to Hillsboro",45.519151,-122.805012,"Machinery",578961,334
"US-26 WB Cedar Hills","Beaverton to Hillsboro",45.519151,-122.805012,"Misc manufactured",1849484,884
"US-26 WB Cedar Hills","Beaverton to Hillsboro",45.519151,-122.805012,"Motor Vehicles, etc.",1911365,186
"US-26 WB Cedar Hills","Beaverton to Hillsboro",45.519151,-122.805012,"Wood, Paper, etc.",746043,1332
"US-26 WB Helvetia","Beaverton to Hillsboro",45.560686,-122.913143,"Agriculture",487807,1061
"US-26 WB Helvetia","Beaverton to Hillsboro",455.60686,-1229.13143,"All Goods",4446269,4760
"US-26 WB Helvetia","Beaverton to Hillsboro",45.560686,-122.913143,"Chemical",19019,53
"US-26 WB Helvetia","Beaverton to Hillsboro",45.560686,-122.913143,"Coal, Oil, Waste, etc.",508458,1248
"US-26 WB Helvetia","Beaverton to Hillsboro",45.560686,-122.913143,"Electronics",134418,12
"US-26 WB Helvetia","Beaverton to Hillsboro",45.560686,-122.913143,"Food",288400,212
"US-26 WB Helvetia","Beaverton to Hillsboro",45.560686,-122.913143,"Gravel, Sand, etc.",2315,185
"US-26 WB Helvetia","Beaverton to Hillsboro",45.560686,-122.913143,"Machinery",728058,420
"US-26 WB Helvetia","Beaverton to Hillsboro",45.560686,-122.913143,"Misc manufactured",1511768,722
"US-26 WB Helvetia","Beaverton to Hillsboro",45.560686,-122.913143,"Motor Vehicles, etc.",307875,30
"US-26 WB Helvetia","Beaverton to Hillsboro",45.560686,-122.913143,"Wood, Paper, etc.",458151,818
"Col Blvd EB OR 99E","Columbia Corridor",45.580013,-122.657508,"Agriculture",225997,492
"Col Blvd EB OR 99E","Columbia Corridor",455.80013,-1226.57508,"All Goods",6441205,8548
"Col Blvd EB OR 99E","Columbia Corridor",45.580013,-122.657508,"Chemical",243773,674
"Col Blvd EB OR 99E","Columbia Corridor",45.580013,-122.657508,"Coal, Oil, Waste, etc.",1489914,3657
"Col Blvd EB OR 99E","Columbia Corridor",45.580013,-122.657508,"Electronics",104646,9
"Col Blvd EB OR 99E","Columbia Corridor",45.580013,-122.657508,"Food",1998278,1467
"Col Blvd EB OR 99E","Columbia Corridor",45.580013,-122.657508,"Gravel, Sand, etc.",3185,254
"Col Blvd EB OR 99E","Columbia Corridor",45.580013,-122.657508,"Machinery",1666577,961
"Col Blvd EB OR 99E","Columbia Corridor",45.580013,-122.657508,"Misc manufactured",141259,68
"Col Blvd EB OR 99E","Columbia Corridor",45.580013,-122.657508,"Motor Vehicles, etc.",28222,3
"Col Blvd EB OR 99E","Columbia Corridor",45.580013,-122.657508,"Wood, Paper, etc.",539354,963
"Col Blvd WB OR 99E","Columbia Corridor",45.580013,-122.657508,"Agriculture",159282,347
"Col Blvd WB OR 99E","Columbia Corridor",455.80013,-1226.57508,"All Goods",7532504,11310
"Col Blvd WB OR 99E","Columbia Corridor",45.580013,-122.657508,"Chemical",340026,940
"Col Blvd WB OR 99E","Columbia Corridor",45.580013,-122.657508,"Coal, Oil, Waste, etc.",2391558,5871
"Col Blvd WB OR 99E","Columbia Corridor",45.580013,-122.657508,"Electronics",62864,5
"Col Blvd WB OR 99E","Columbia Corridor",45.580013,-122.657508,"Food",2145766,1576
"Col Blvd WB OR 99E","Columbia Corridor",45.580013,-122.657508,"Gravel, Sand, etc.",2069,165
"Col Blvd WB OR 99E","Columbia Corridor",45.580013,-122.657508,"Machinery",1328238,766
"Col Blvd WB OR 99E","Columbia Corridor",45.580013,-122.657508,"Misc manufactured",188158,90
"Col Blvd WB OR 99E","Columbia Corridor",45.580013,-122.657508,"Motor Vehicles, etc.",48480,5
"Col Blvd WB OR 99E","Columbia Corridor",45.580013,-122.657508,"Wood, Paper, etc.",866063,1546
"Killingsworth St EB","Columbia Corridor",45.562153,-122.567513,"Agriculture",267623,582
"Killingsworth St EB","Columbia Corridor",455.62153,-1225.67513,"All Goods",6268688,7936
"Killingsworth St EB","Columbia Corridor",45.562153,-122.567513,"Chemical",257823,713
"Killingsworth St EB","Columbia Corridor",45.562153,-122.567513,"Coal, Oil, Waste, etc.",1252339,3074
"Killingsworth St EB","Columbia Corridor",45.562153,-122.567513,"Electronics",99338,9
"Killingsworth St EB","Columbia Corridor",45.562153,-122.567513,"Food",1832288,1346
"Killingsworth St EB","Columbia Corridor",45.562153,-122.567513,"Gravel, Sand, etc.",2444,195
"Killingsworth St EB","Columbia Corridor",45.562153,-122.567513,"Machinery",1881917,1086
"Killingsworth St EB","Columbia Corridor",45.562153,-122.567513,"Misc manufactured",172464,82
"Killingsworth St EB","Columbia Corridor",45.562153,-122.567513,"Motor Vehicles, etc.",28222,3
"Killingsworth St EB","Columbia Corridor",45.562153,-122.567513,"Wood, Paper, etc.",474230,847
"Killingsworth St WB","Columbia Corridor",45.562153,-122.567513,"Agriculture",155791,339
"Killingsworth St WB","Columbia Corridor",455.62153,-1225.67513,"All Goods",7071002,10964
"Killingsworth St WB","Columbia Corridor",45.562153,-122.567513,"Chemical",352077,973
"Killingsworth St WB","Columbia Corridor",45.562153,-122.567513,"Coal, Oil, Waste, etc.",2069887,5081
"Killingsworth St WB","Columbia Corridor",45.562153,-122.567513,"Electronics",215957,19
"Killingsworth St WB","Columbia Corridor",45.562153,-122.567513,"Food",2761889,2028
"Killingsworth St WB","Columbia Corridor",45.562153,-122.567513,"Gravel, Sand, etc.",6570,524
"Killingsworth St WB","Columbia Corridor",45.562153,-122.567513,"Machinery",267334,154
"Killingsworth St WB","Columbia Corridor",45.562153,-122.567513,"Misc manufactured",220788,106
"Killingsworth St WB","Columbia Corridor",45.562153,-122.567513,"Motor Vehicles, etc.",48480,5
"Killingsworth St WB","Columbia Corridor",45.562153,-122.567513,"Wood, Paper, etc.",972230,1736
"Lombard St EB OR 99E","Columbia Corridor",45.577204,-122.65723,"Agriculture",154075,335
"Lombard St EB OR 99E","Columbia Corridor",455.77204,-1226.5723,"All Goods",1226100,1908
"Lombard St EB OR 99E","Columbia Corridor",45.577204,-122.65723,"Chemical",8439,23
"Lombard St EB OR 99E","Columbia Corridor",45.577204,-122.65723,"Coal, Oil, Waste, etc.",367269,902
"Lombard St EB OR 99E","Columbia Corridor",45.577204,-122.65723,"Electronics",14890,1
"Lombard St EB OR 99E","Columbia Corridor",45.577204,-122.65723,"Food",474804,349
"Lombard St EB OR 99E","Columbia Corridor",45.577204,-122.65723,"Gravel, Sand, etc.",293,23
"Lombard St EB OR 99E","Columbia Corridor",45.577204,-122.65723,"Machinery",76550,44
"Lombard St EB OR 99E","Columbia Corridor",45.577204,-122.65723,"Misc manufactured",1011,0
"Lombard St EB OR 99E","Columbia Corridor",45.577204,-122.65723,"Motor Vehicles, etc.",0,0
"Lombard St EB OR 99E","Columbia Corridor",45.577204,-122.65723,"Wood, Paper, etc.",128770,230
"Lombard St WB OR 99E","Columbia Corridor",45.577204,-122.65723,"Agriculture",13222,29
"Lombard St WB OR 99E","Columbia Corridor",455.77204,-1226.5723,"All Goods",1753319,2541
"Lombard St WB OR 99E","Columbia Corridor",45.577204,-122.65723,"Chemical",6652,18
"Lombard St WB OR 99E","Columbia Corridor",45.577204,-122.65723,"Coal, Oil, Waste, etc.",419979,1031
"Lombard St WB OR 99E","Columbia Corridor",45.577204,-122.65723,"Electronics",14831,1
"Lombard St WB OR 99E","Columbia Corridor",45.577204,-122.65723,"Food",869895,639
"Lombard St WB OR 99E","Columbia Corridor",45.577204,-122.65723,"Gravel, Sand, etc.",3895,311
"Lombard St WB OR 99E","Columbia Corridor",45.577204,-122.65723,"Machinery",179167,103
"Lombard St WB OR 99E","Columbia Corridor",45.577204,-122.65723,"Misc manufactured",22533,11
"Lombard St WB OR 99E","Columbia Corridor",45.577204,-122.65723,"Motor Vehicles, etc.",0,0
"Lombard St WB OR 99E","Columbia Corridor",45.577204,-122.65723,"Wood, Paper, etc.",223145,398
"I-205 NB Sandy","Gateway to Troutdale-Wood Village-Fairview",45.552158,-122.56323,"Agriculture",1098630,2390
"I-205 NB Sandy","Gateway to Troutdale-Wood Village-Fairview",455.52158,-1225.6323,"All Goods",18054222,26952
"I-205 NB Sandy","Gateway to Troutdale-Wood Village-Fairview",45.552158,-122.56323,"Chemical",854694,2363
"I-205 NB Sandy","Gateway to Troutdale-Wood Village-Fairview",45.552158,-122.56323,"Coal, Oil, Waste, etc.",4629930,11365
"I-205 NB Sandy","Gateway to Troutdale-Wood Village-Fairview",45.552158,-122.56323,"Electronics",770172,66
"I-205 NB Sandy","Gateway to Troutdale-Wood Village-Fairview",45.552158,-122.56323,"Food",5521316,4055
"I-205 NB Sandy","Gateway to Troutdale-Wood Village-Fairview",45.552158,-122.56323,"Gravel, Sand, etc.",16665,1330
"I-205 NB Sandy","Gateway to Troutdale-Wood Village-Fairview",45.552158,-122.56323,"Machinery",1258681,726
"I-205 NB Sandy","Gateway to Troutdale-Wood Village-Fairview",45.552158,-122.56323,"Misc manufactured",412648,197
"I-205 NB Sandy","Gateway to Troutdale-Wood Village-Fairview",45.552158,-122.56323,"Motor Vehicles, etc.",1050495,102
"I-205 NB Sandy","Gateway to Troutdale-Wood Village-Fairview",45.552158,-122.56323,"Wood, Paper, etc.",2440988,4357
"I-205 SB Sandy","Gateway to Troutdale-Wood Village-Fairview",45.551166,-122.564603,"Agriculture",561716,1222
"I-205 SB Sandy","Gateway to Troutdale-Wood Village-Fairview",455.51166,-1225.64603,"All Goods",17069303,18743
"I-205 SB Sandy","Gateway to Troutdale-Wood Village-Fairview",45.551166,-122.564603,"Chemical",944345,2611
"I-205 SB Sandy","Gateway to Troutdale-Wood Village-Fairview",45.551166,-122.564603,"Coal, Oil, Waste, etc.",1801600,4422
"I-205 SB Sandy","Gateway to Troutdale-Wood Village-Fairview",45.551166,-122.564603,"Electronics",2059599,178
"I-205 SB Sandy","Gateway to Troutdale-Wood Village-Fairview",45.551166,-122.564603,"Food",4226693,3104
"I-205 SB Sandy","Gateway to Troutdale-Wood Village-Fairview",45.551166,-122.564603,"Gravel, Sand, etc.",8613,687
"I-205 SB Sandy","Gateway to Troutdale-Wood Village-Fairview",45.551166,-122.564603,"Machinery",3986715,2300
"I-205 SB Sandy","Gateway to Troutdale-Wood Village-Fairview",45.551166,-122.564603,"Misc manufactured",349448,167
"I-205 SB Sandy","Gateway to Troutdale-Wood Village-Fairview",45.551166,-122.564603,"Motor Vehicles, etc.",910076,89
"I-205 SB Sandy","Gateway to Troutdale-Wood Village-Fairview",45.551166,-122.564603,"Wood, Paper, etc.",2220497,3964
"I-84 EB 122nd","Gateway to Troutdale-Wood Village-Fairview",45.546207,-122.547221,"Agriculture",3918064,8524
"I-84 EB 122nd","Gateway to Troutdale-Wood Village-Fairview",455.46207,-1225.47221,"All Goods",25312375,37891
"I-84 EB 122nd","Gateway to Troutdale-Wood Village-Fairview",45.546207,-122.547221,"Chemical",1959972,5419
"I-84 EB 122nd","Gateway to Troutdale-Wood Village-Fairview",45.546207,-122.547221,"Coal, Oil, Waste, etc.",3407488,8364
"I-84 EB 122nd","Gateway to Troutdale-Wood Village-Fairview",45.546207,-122.547221,"Electronics",2338726,202
"I-84 EB 122nd","Gateway to Troutdale-Wood Village-Fairview",45.546207,-122.547221,"Food",4889219,3591
"I-84 EB 122nd","Gateway to Troutdale-Wood Village-Fairview",45.546207,-122.547221,"Gravel, Sand, etc.",42011,3352
"I-84 EB 122nd","Gateway to Troutdale-Wood Village-Fairview",45.546207,-122.547221,"Machinery",4145082,2391
"I-84 EB 122nd","Gateway to Troutdale-Wood Village-Fairview",45.546207,-122.547221,"Misc manufactured",584629,279
"I-84 EB 122nd","Gateway to Troutdale-Wood Village-Fairview",45.546207,-122.547221,"Motor Vehicles, etc.",840918,82
"I-84 EB 122nd","Gateway to Troutdale-Wood Village-Fairview",45.546207,-122.547221,"Wood, Paper, etc.",3186268,5688
"I-84 EB Wood Village","Gateway to Troutdale-Wood Village-Fairview",45.541849,-122.409158,"Agriculture",3763021,8187
"I-84 EB Wood Village","Gateway to Troutdale-Wood Village-Fairview",455.41849,-1224.09158,"All Goods",19281192,23797
"I-84 EB Wood Village","Gateway to Troutdale-Wood Village-Fairview",45.541849,-122.409158,"Chemical",1686615,4663
"I-84 EB Wood Village","Gateway to Troutdale-Wood Village-Fairview",45.541849,-122.409158,"Coal, Oil, Waste, etc.",883503,2169
"I-84 EB Wood Village","Gateway to Troutdale-Wood Village-Fairview",45.541849,-122.409158,"Electronics",1942828,167
"I-84 EB Wood Village","Gateway to Troutdale-Wood Village-Fairview",45.541849,-122.409158,"Food",3241445,2380
"I-84 EB Wood Village","Gateway to Troutdale-Wood Village-Fairview",45.541849,-122.409158,"Gravel, Sand, etc.",2262,180
"I-84 EB Wood Village","Gateway to Troutdale-Wood Village-Fairview",45.541849,-122.409158,"Machinery",4666821,2692
"I-84 EB Wood Village","Gateway to Troutdale-Wood Village-Fairview",45.541849,-122.409158,"Misc manufactured",373127,178
"I-84 EB Wood Village","Gateway to Troutdale-Wood Village-Fairview",45.541849,-122.409158,"Motor Vehicles, etc.",994855,97
"I-84 EB Wood Village","Gateway to Troutdale-Wood Village-Fairview",45.541849,-122.409158,"Wood, Paper, etc.",1726714,3082
"I-84 WB 122nd","Gateway to Troutdale-Wood Village-Fairview",45.548522,-122.547307,"Agriculture",1369123,2979
"I-84 WB 122nd","Gateway to Troutdale-Wood Village-Fairview",455.48522,-1225.47307,"All Goods",30252910,39058
"I-84 WB 122nd","Gateway to Troutdale-Wood Village-Fairview",45.548522,-122.547307,"Chemical",1034324,2860
"I-84 WB 122nd","Gateway to Troutdale-Wood Village-Fairview",45.548522,-122.547307,"Coal, Oil, Waste, etc.",6014558,14764
"I-84 WB 122nd","Gateway to Troutdale-Wood Village-Fairview",45.548522,-122.547307,"Electronics",2638911,227
"I-84 WB 122nd","Gateway to Troutdale-Wood Village-Fairview",45.548522,-122.547307,"Food",8042150,5906
"I-84 WB 122nd","Gateway to Troutdale-Wood Village-Fairview",45.548522,-122.547307,"Gravel, Sand, etc.",40005,3192
"I-84 WB 122nd","Gateway to Troutdale-Wood Village-Fairview",45.548522,-122.547307,"Machinery",4625635,2668
"I-84 WB 122nd","Gateway to Troutdale-Wood Village-Fairview",45.548522,-122.547307,"Misc manufactured",2151308,1028
"I-84 WB 122nd","Gateway to Troutdale-Wood Village-Fairview",45.548522,-122.547307,"Motor Vehicles, etc.",1367099,133
"I-84 WB 122nd","Gateway to Troutdale-Wood Village-Fairview",45.548522,-122.547307,"Wood, Paper, etc.",2969797,5301
"I-84 WB Wood Village","Gateway to Troutdale-Wood Village-Fairview",45.543292,-122.410401,"Agriculture",897383,1952
"I-84 WB Wood Village","Gateway to Troutdale-Wood Village-Fairview",455.43292,-1224.10401,"All Goods",21317781,22465
"I-84 WB Wood Village","Gateway to Troutdale-Wood Village-Fairview",45.543292,-122.410401,"Chemical",970109,2682
"I-84 WB Wood Village","Gateway to Troutdale-Wood Village-Fairview",45.543292,-122.410401,"Coal, Oil, Waste, etc.",2058943,5054
"I-84 WB Wood Village","Gateway to Troutdale-Wood Village-Fairview",45.543292,-122.410401,"Electronics",1984414,171
"I-84 WB Wood Village","Gateway to Troutdale-Wood Village-Fairview",45.543292,-122.410401,"Food",6592623,4841
"I-84 WB Wood Village","Gateway to Troutdale-Wood Village-Fairview",45.543292,-122.410401,"Gravel, Sand, etc.",14608,1165
"I-84 WB Wood Village","Gateway to Troutdale-Wood Village-Fairview",45.543292,-122.410401,"Machinery",3529837,2036
"I-84 WB Wood Village","Gateway to Troutdale-Wood Village-Fairview",45.543292,-122.410401,"Misc manufactured",1986384,949
"I-84 WB Wood Village","Gateway to Troutdale-Wood Village-Fairview",45.543292,-122.410401,"Motor Vehicles, etc.",1332437,130
"I-84 WB Wood Village","Gateway to Troutdale-Wood Village-Fairview",45.543292,-122.410401,"Wood, Paper, etc.",1951044,3483
"Hwy 217 NB US 26","Portland Central City to Beaverton",45.50249,-122.783494,"Agriculture",596181,1297
"Hwy 217 NB US 26","Portland Central City to Beaverton",455.0249,-1227.83494,"All Goods",2401134,4133
"Hwy 217 NB US 26","Portland Central City to Beaverton",45.50249,-122.783494,"Chemical",42339,117
"Hwy 217 NB US 26","Portland Central City to Beaverton",45.50249,-122.783494,"Coal, Oil, Waste, etc.",426462,1047
"Hwy 217 NB US 26","Portland Central City to Beaverton",45.50249,-122.783494,"Electronics",433864,37
"Hwy 217 NB US 26","Portland Central City to Beaverton",45.50249,-122.783494,"Food",439582,323
"Hwy 217 NB US 26","Portland Central City to Beaverton",45.50249,-122.783494,"Gravel, Sand, etc.",8458,675
"Hwy 217 NB US 26","Portland Central City to Beaverton",45.50249,-122.783494,"Machinery",141570,82
"Hwy 217 NB US 26","Portland Central City to Beaverton",45.50249,-122.783494,"Misc manufactured",1930,1
"Hwy 217 NB US 26","Portland Central City to Beaverton",45.50249,-122.783494,"Motor Vehicles, etc.",0,0
"Hwy 217 NB US 26","Portland Central City to Beaverton",45.50249,-122.783494,"Wood, Paper, etc.",310746,555
"Hwy 217 SB US 26","Portland Central City to Beaverton",45.503633,-122.785724,"Agriculture",219627,478
"Hwy 217 SB US 26","Portland Central City to Beaverton",455.03633,-1227.85724,"All Goods",2460200,4166
"Hwy 217 SB US 26","Portland Central City to Beaverton",45.503633,-122.785724,"Chemical",126438,350
"Hwy 217 SB US 26","Portland Central City to Beaverton",45.503633,-122.785724,"Coal, Oil, Waste, etc.",313538,770
"Hwy 217 SB US 26","Portland Central City to Beaverton",45.503633,-122.785724,"Electronics",151354,13
"Hwy 217 SB US 26","Portland Central City to Beaverton",45.503633,-122.785724,"Food",486774,357
"Hwy 217 SB US 26","Portland Central City to Beaverton",45.503633,-122.785724,"Gravel, Sand, etc.",3860,308
"Hwy 217 SB US 26","Portland Central City to Beaverton",45.503633,-122.785724,"Machinery",53347,31
"Hwy 217 SB US 26","Portland Central City to Beaverton",45.503633,-122.785724,"Misc manufactured",31391,15
"Hwy 217 SB US 26","Portland Central City to Beaverton",45.503633,-122.785724,"Motor Vehicles, etc.",42546,4
"Hwy 217 SB US 26","Portland Central City to Beaverton",45.503633,-122.785724,"Wood, Paper, etc.",1031327,1841
"US-26 EB OR 8","Portland Central City to Beaverton",45.505137,-122.761535,"Agriculture",1264320,2751
"US-26 EB OR 8","Portland Central City to Beaverton",455.05137,-1227.61535,"All Goods",5944575,9603
"US-26 EB OR 8","Portland Central City to Beaverton",45.505137,-122.761535,"Chemical",215820,597
"US-26 EB OR 8","Portland Central City to Beaverton",45.505137,-122.761535,"Coal, Oil, Waste, etc.",937679,2302
"US-26 EB OR 8","Portland Central City to Beaverton",45.505137,-122.761535,"Electronics",245619,21
"US-26 EB OR 8","Portland Central City to Beaverton",45.505137,-122.761535,"Food",764136,561
"US-26 EB OR 8","Portland Central City to Beaverton",45.505137,-122.761535,"Gravel, Sand, etc.",6107,487
"US-26 EB OR 8","Portland Central City to Beaverton",45.505137,-122.761535,"Machinery",640701,370
"US-26 EB OR 8","Portland Central City to Beaverton",45.505137,-122.761535,"Misc manufactured",629750,301
"US-26 EB OR 8","Portland Central City to Beaverton",45.505137,-122.761535,"Motor Vehicles, etc.",0,0
"US-26 EB OR 8","Portland Central City to Beaverton",45.505137,-122.761535,"Wood, Paper, etc.",1240443,2214
"US-26 EB Tunnel","Portland Central City to Beaverton",45.506461,-122.709469,"Agriculture",1264320,2751
"US-26 EB Tunnel","Portland Central City to Beaverton",455.06461,-1227.09469,"All Goods",5996586,9621
"US-26 EB Tunnel","Portland Central City to Beaverton",45.506461,-122.709469,"Chemical",215806,597
"US-26 EB Tunnel","Portland Central City to Beaverton",45.506461,-122.709469,"Coal, Oil, Waste, etc.",962122,2362
"US-26 EB Tunnel","Portland Central City to Beaverton",45.506461,-122.709469,"Electronics",291158,25
"US-26 EB Tunnel","Portland Central City to Beaverton",45.506461,-122.709469,"Food",764136,561
"US-26 EB Tunnel","Portland Central City to Beaverton",45.506461,-122.709469,"Gravel, Sand, etc.",5919,472
"US-26 EB Tunnel","Portland Central City to Beaverton",45.506461,-122.709469,"Machinery",640773,370
"US-26 EB Tunnel","Portland Central City to Beaverton",45.506461,-122.709469,"Misc manufactured",629750,301
"US-26 EB Tunnel","Portland Central City to Beaverton",45.506461,-122.709469,"Motor Vehicles, etc.",0,0
"US-26 EB Tunnel","Portland Central City to Beaverton",45.506461,-122.709469,"Wood, Paper, etc.",1222602,2182
"US-26 WB OR 8","Portland Central City to Beaverton",45.506491,-122.761449,"Agriculture",97497,212
"US-26 WB OR 8","Portland Central City to Beaverton",455.06491,-1227.61449,"All Goods",7700560,6311
"US-26 WB OR 8","Portland Central City to Beaverton",45.506491,-122.761449,"Chemical",215204,595
"US-26 WB OR 8","Portland Central City to Beaverton",45.506491,-122.761449,"Coal, Oil, Waste, etc.",604741,1484
"US-26 WB OR 8","Portland Central City to Beaverton",45.506491,-122.761449,"Electronics",409062,35
"US-26 WB OR 8","Portland Central City to Beaverton",45.506491,-122.761449,"Food",1412842,1038
"US-26 WB OR 8","Portland Central City to Beaverton",45.506491,-122.761449,"Gravel, Sand, etc.",3262,260
"US-26 WB OR 8","Portland Central City to Beaverton",45.506491,-122.761449,"Machinery",371851,215
"US-26 WB OR 8","Portland Central City to Beaverton",45.506491,-122.761449,"Misc manufactured",1849484,884
"US-26 WB OR 8","Portland Central City to Beaverton",45.506491,-122.761449,"Motor Vehicles, etc.",1953911,190
"US-26 WB OR 8","Portland Central City to Beaverton",45.506491,-122.761449,"Wood, Paper, etc.",782706,1397
"US-26 WB Tunnel","Portland Central City to Beaverton",45.508145,-122.710455,"Agriculture",97641,212
"US-26 WB Tunnel","Portland Central City to Beaverton",455.08145,-1227.10455,"All Goods",7713312,6326
"US-26 WB Tunnel","Portland Central City to Beaverton",45.508145,-122.710455,"Chemical",215204,595
"US-26 WB Tunnel","Portland Central City to Beaverton",45.508145,-122.710455,"Coal, Oil, Waste, etc.",610870,1500
"US-26 WB Tunnel","Portland Central City to Beaverton",45.508145,-122.710455,"Electronics",415527,36
"US-26 WB Tunnel","Portland Central City to Beaverton",45.508145,-122.710455,"Food",1412842,1038
"US-26 WB Tunnel","Portland Central City to Beaverton",45.508145,-122.710455,"Gravel, Sand, etc.",3262,260
"US-26 WB Tunnel","Portland Central City to Beaverton",45.508145,-122.710455,"Machinery",371851,215
"US-26 WB Tunnel","Portland Central City to Beaverton",45.508145,-122.710455,"Misc manufactured",1849484,884
"US-26 WB Tunnel","Portland Central City to Beaverton",45.508145,-122.710455,"Motor Vehicles, etc.",1953911,190
"US-26 WB Tunnel","Portland Central City to Beaverton",45.508145,-122.710455,"Wood, Paper, etc.",782720,1397
"OR 30 NB","Portland Central City to Columbia County",45.639895,-122.831372,"Agriculture",155835,339
"OR 30 NB","Portland Central City to Columbia County",456.39895,-1228.31372,"All Goods",1641426,2711
"OR 30 NB","Portland Central City to Columbia County",45.639895,-122.831372,"Chemical",114705,317
"OR 30 NB","Portland Central City to Columbia County",45.639895,-122.831372,"Coal, Oil, Waste, etc.",332538,816
"OR 30 NB","Portland Central City to Columbia County",45.639895,-122.831372,"Electronics",25815,2
"OR 30 NB","Portland Central City to Columbia County",45.639895,-122.831372,"Food",64929,48
"OR 30 NB","Portland Central City to Columbia County",45.639895,-122.831372,"Gravel, Sand, etc.",1316,105
"OR 30 NB","Portland Central City to Columbia County",45.639895,-122.831372,"Machinery",477039,275
"OR 30 NB","Portland Central City to Columbia County",45.639895,-122.831372,"Misc manufactured",22533,11
"OR 30 NB","Portland Central City to Columbia County",45.639895,-122.831372,"Motor Vehicles, etc.",0,0
"OR 30 NB","Portland Central City to Columbia County",45.639895,-122.831372,"Wood, Paper, etc.",446717,797
"OR 30 NB I-405","Portland Central City to Columbia County",45.536292,-122.692615,"Agriculture",152516,332
"OR 30 NB I-405","Portland Central City to Columbia County",455.36292,-1226.92615,"All Goods",12341218,19012
"OR 30 NB I-405","Portland Central City to Columbia County",45.536292,-122.692615,"Chemical",279703,773
"OR 30 NB I-405","Portland Central City to Columbia County",45.536292,-122.692615,"Coal, Oil, Waste, etc.",3628244,8906
"OR 30 NB I-405","Portland Central City to Columbia County",45.536292,-122.692615,"Electronics",487000,42
"OR 30 NB I-405","Portland Central City to Columbia County",45.536292,-122.692615,"Food",5377050,3949
"OR 30 NB I-405","Portland Central City to Columbia County",45.536292,-122.692615,"Gravel, Sand, etc.",33882,2703
"OR 30 NB I-405","Portland Central City to Columbia County",45.536292,-122.692615,"Machinery",1441510,832
"OR 30 NB I-405","Portland Central City to Columbia County",45.536292,-122.692615,"Misc manufactured",156955,75
"OR 30 NB I-405","Portland Central City to Columbia County",45.536292,-122.692615,"Motor Vehicles, etc.",0,0
"OR 30 NB I-405","Portland Central City to Columbia County",45.536292,-122.692615,"Wood, Paper, etc.",784358,1400
"OR 30 SB","Portland Central City to Columbia County",45.636414,-122.832487,"Agriculture",294162,640
"OR 30 SB","Portland Central City to Columbia County",456.36414,-1228.32487,"All Goods",1473215,2232
"OR 30 SB","Portland Central City to Columbia County",45.636414,-122.832487,"Chemical",9102,25
"OR 30 SB","Portland Central City to Columbia County",45.636414,-122.832487,"Coal, Oil, Waste, etc.",353264,867
"OR 30 SB","Portland Central City to Columbia County",45.636414,-122.832487,"Electronics",131348,11
"OR 30 SB","Portland Central City to Columbia County",45.636414,-122.832487,"Food",61277,45
"OR 30 SB","Portland Central City to Columbia County",45.636414,-122.832487,"Gravel, Sand, etc.",940,75
"OR 30 SB","Portland Central City to Columbia County",45.636414,-122.832487,"Machinery",416025,240
"OR 30 SB","Portland Central City to Columbia County",45.636414,-122.832487,"Misc manufactured",31391,15
"OR 30 SB","Portland Central City to Columbia County",45.636414,-122.832487,"Motor Vehicles, etc.",0,0
"OR 30 SB","Portland Central City to Columbia County",45.636414,-122.832487,"Wood, Paper, etc.",175707,314
"OR 30 SB I-405","Portland Central City to Columbia County",45.535255,-122.693022,"Agriculture",719089,1564
"OR 30 SB I-405","Portland Central City to Columbia County",455.35255,-1226.93022,"All Goods",11912255,27203
"OR 30 SB I-405","Portland Central City to Columbia County",45.535255,-122.693022,"Chemical",1466818,4055
"OR 30 SB I-405","Portland Central City to Columbia County",45.535255,-122.693022,"Coal, Oil, Waste, etc.",6561112,16106
"OR 30 SB I-405","Portland Central City to Columbia County",45.535255,-122.693022,"Electronics",169404,15
"OR 30 SB I-405","Portland Central City to Columbia County",45.535255,-122.693022,"Food",1534520,1127
"OR 30 SB I-405","Portland Central City to Columbia County",45.535255,-122.693022,"Gravel, Sand, etc.",36257,2893
"OR 30 SB I-405","Portland Central City to Columbia County",45.535255,-122.693022,"Machinery",774546,447
"OR 30 SB I-405","Portland Central City to Columbia County",45.535255,-122.693022,"Misc manufactured",117867,56
"OR 30 SB I-405","Portland Central City to Columbia County",45.535255,-122.693022,"Motor Vehicles, etc.",6248,1
"OR 30 SB I-405","Portland Central City to Columbia County",45.535255,-122.693022,"Wood, Paper, etc.",526393,940
"St John Bridge NB","Portland Central City to Columbia County",45.584518,-122.764773,"Agriculture",298995,650
"St John Bridge NB","Portland Central City to Columbia County",455.84518,-1227.64773,"All Goods",2398707,5034
"St John Bridge NB","Portland Central City to Columbia County",45.584518,-122.764773,"Chemical",11613,32
"St John Bridge NB","Portland Central City to Columbia County",45.584518,-122.764773,"Coal, Oil, Waste, etc.",1185705,2911
"St John Bridge NB","Portland Central City to Columbia County",45.584518,-122.764773,"Electronics",156070,13
"St John Bridge NB","Portland Central City to Columbia County",45.584518,-122.764773,"Food",67306,49
"St John Bridge NB","Portland Central City to Columbia County",45.584518,-122.764773,"Gravel, Sand, etc.",8695,694
"St John Bridge NB","Portland Central City to Columbia County",45.584518,-122.764773,"Machinery",390024,225
"St John Bridge NB","Portland Central City to Columbia County",45.584518,-122.764773,"Misc manufactured",31391,15
"St John Bridge NB","Portland Central City to Columbia County",45.584518,-122.764773,"Motor Vehicles, etc.",0,0
"St John Bridge NB","Portland Central City to Columbia County",45.584518,-122.764773,"Wood, Paper, etc.",248909,444
"St John Bridge SB","Portland Central City to Columbia County",45.585194,-122.765609,"Agriculture",123687,269
"St John Bridge SB","Portland Central City to Columbia County",455.85194,-1227.65609,"All Goods",3159275,6360
"St John Bridge SB","Portland Central City to Columbia County",45.585194,-122.765609,"Chemical",94609,262
"St John Bridge SB","Portland Central City to Columbia County",45.585194,-122.765609,"Coal, Oil, Waste, etc.",1472056,3613
"St John Bridge SB","Portland Central City to Columbia County",45.585194,-122.765609,"Electronics",42382,4
"St John Bridge SB","Portland Central City to Columbia County",45.585194,-122.765609,"Food",216552,159
"St John Bridge SB","Portland Central City to Columbia County",45.585194,-122.765609,"Gravel, Sand, etc.",9589,765
"St John Bridge SB","Portland Central City to Columbia County",45.585194,-122.765609,"Machinery",674574,389
"St John Bridge SB","Portland Central City to Columbia County",45.585194,-122.765609,"Misc manufactured",22533,11
"St John Bridge SB","Portland Central City to Columbia County",45.585194,-122.765609,"Motor Vehicles, etc.",6248,1
"St John Bridge SB","Portland Central City to Columbia County",45.585194,-122.765609,"Wood, Paper, etc.",497045,887
"I-84 EB 82nd","Portland Central City to Gateway",45.530577,-122.572246,"Agriculture",2473015,5380
"I-84 EB 82nd","Portland Central City to Gateway",455.30577,-1225.72246,"All Goods",16603864,30474
"I-84 EB 82nd","Portland Central City to Gateway",45.530577,-122.572246,"Chemical",1334099,3688
"I-84 EB 82nd","Portland Central City to Gateway",45.530577,-122.572246,"Coal, Oil, Waste, etc.",4324691,10616
"I-84 EB 82nd","Portland Central City to Gateway",45.530577,-122.572246,"Electronics",649092,56
"I-84 EB 82nd","Portland Central City to Gateway",45.530577,-122.572246,"Food",3627571,2664
"I-84 EB 82nd","Portland Central City to Gateway",45.530577,-122.572246,"Gravel, Sand, etc.",40533,3234
"I-84 EB 82nd","Portland Central City to Gateway",45.530577,-122.572246,"Machinery",1582052,913
"I-84 EB 82nd","Portland Central City to Gateway",45.530577,-122.572246,"Misc manufactured",456167,218
"I-84 EB 82nd","Portland Central City to Gateway",45.530577,-122.572246,"Motor Vehicles, etc.",43729,4
"I-84 EB 82nd","Portland Central City to Gateway",45.530577,-122.572246,"Wood, Paper, etc.",2072916,3700
"I-84 EB Grand","Portland Central City to Gateway",45.526187,-122.657032,"Agriculture",2053536,4468
"I-84 EB Grand","Portland Central City to Gateway",455.26187,-1226.57032,"All Goods",16264392,29424
"I-84 EB Grand","Portland Central City to Gateway",45.526187,-122.657032,"Chemical",1340976,3707
"I-84 EB Grand","Portland Central City to Gateway",45.526187,-122.657032,"Coal, Oil, Waste, etc.",4278387,10502
"I-84 EB Grand","Portland Central City to Gateway",45.526187,-122.657032,"Electronics",836983,72
"I-84 EB Grand","Portland Central City to Gateway",45.526187,-122.657032,"Food",3713985,2727
"I-84 EB Grand","Portland Central City to Gateway",45.526187,-122.657032,"Gravel, Sand, etc.",41412,3304
"I-84 EB Grand","Portland Central City to Gateway",45.526187,-122.657032,"Machinery",1503104,867
"I-84 EB Grand","Portland Central City to Gateway",45.526187,-122.657032,"Misc manufactured",520187,249
"I-84 EB Grand","Portland Central City to Gateway",45.526187,-122.657032,"Motor Vehicles, etc.",0,0
"I-84 EB Grand","Portland Central City to Gateway",45.526187,-122.657032,"Wood, Paper, etc.",1975822,3527
"I-84 WB 82nd","Portland Central City to Gateway",45.53232,-122.572461,"Agriculture",690432,1502
"I-84 WB 82nd","Portland Central City to Gateway",455.3232,-1225.72461,"All Goods",17389031,25288
"I-84 WB 82nd","Portland Central City to Gateway",45.53232,-122.572461,"Chemical",783094,2165
"I-84 WB 82nd","Portland Central City to Gateway",45.53232,-122.572461,"Coal, Oil, Waste, etc.",3946785,9688
"I-84 WB 82nd","Portland Central City to Gateway",45.53232,-122.572461,"Electronics",1625421,140
"I-84 WB 82nd","Portland Central City to Gateway",45.53232,-122.572461,"Food",4951264,3636
"I-84 WB 82nd","Portland Central City to Gateway",45.53232,-122.572461,"Gravel, Sand, etc.",36402,2904
"I-84 WB 82nd","Portland Central City to Gateway",45.53232,-122.572461,"Machinery",2986659,1723
"I-84 WB 82nd","Portland Central City to Gateway",45.53232,-122.572461,"Misc manufactured",142481,68
"I-84 WB 82nd","Portland Central City to Gateway",45.53232,-122.572461,"Motor Vehicles, etc.",304173,30
"I-84 WB 82nd","Portland Central City to Gateway",45.53232,-122.572461,"Wood, Paper, etc.",1922320,3431
"I-84 WB Grand","Portland Central City to Gateway",45.52766,-122.658147,"Agriculture",741226,1613
"I-84 WB Grand","Portland Central City to Gateway",455.2766,-1226.58147,"All Goods",21809501,31917
"I-84 WB Grand","Portland Central City to Gateway",45.52766,-122.658147,"Chemical",939578,2598
"I-84 WB Grand","Portland Central City to Gateway",45.52766,-122.658147,"Coal, Oil, Waste, etc.",5049658,12396
"I-84 WB Grand","Portland Central City to Gateway",45.52766,-122.658147,"Electronics",1963923,169
"I-84 WB Grand","Portland Central City to Gateway",45.52766,-122.658147,"Food",5710679,4194
"I-84 WB Grand","Portland Central City to Gateway",45.52766,-122.658147,"Gravel, Sand, etc.",48761,3890
"I-84 WB Grand","Portland Central City to Gateway",45.52766,-122.658147,"Machinery",4180635,2412
"I-84 WB Grand","Portland Central City to Gateway",45.52766,-122.658147,"Misc manufactured",245720,117
"I-84 WB Grand","Portland Central City to Gateway",45.52766,-122.658147,"Motor Vehicles, etc.",414673,40
"I-84 WB Grand","Portland Central City to Gateway",45.52766,-122.658147,"Wood, Paper, etc.",2514649,4489
"I-5 NB Fremont","Portland Central City to Vancouver",45.551226,-122.677813,"Agriculture",1495228,3253
"I-5 NB Fremont","Portland Central City to Vancouver",455.51226,-1226.77813,"All Goods",20388199,33246
"I-5 NB Fremont","Portland Central City to Vancouver",45.551226,-122.677813,"Chemical",845045,2336
"I-5 NB Fremont","Portland Central City to Vancouver",45.551226,-122.677813,"Coal, Oil, Waste, etc.",5680693,13945
"I-5 NB Fremont","Portland Central City to Vancouver",45.551226,-122.677813,"Electronics",661452,57
"I-5 NB Fremont","Portland Central City to Vancouver",45.551226,-122.677813,"Food",4895773,3595
"I-5 NB Fremont","Portland Central City to Vancouver",45.551226,-122.677813,"Gravel, Sand, etc.",31309,2498
"I-5 NB Fremont","Portland Central City to Vancouver",45.551226,-122.677813,"Machinery",2579639,1488
"I-5 NB Fremont","Portland Central City to Vancouver",45.551226,-122.677813,"Misc manufactured",730669,349
"I-5 NB Fremont","Portland Central City to Vancouver",45.551226,-122.677813,"Motor Vehicles, etc.",276629,27
"I-5 NB Fremont","Portland Central City to Vancouver",45.551226,-122.677813,"Wood, Paper, etc.",3191761,5698
"I-5 NB Jantzen Beach","Portland Central City to Vancouver",45.607396,-122.68043,"Agriculture",1377073,2996
"I-5 NB Jantzen Beach","Portland Central City to Vancouver",456.07396,-1226.8043,"All Goods",16587115,25144
"I-5 NB Jantzen Beach","Portland Central City to Vancouver",45.607396,-122.68043,"Chemical",770718,2131
"I-5 NB Jantzen Beach","Portland Central City to Vancouver",45.607396,-122.68043,"Coal, Oil, Waste, etc.",2902560,7125
"I-5 NB Jantzen Beach","Portland Central City to Vancouver",45.607396,-122.68043,"Electronics",175808,15
"I-5 NB Jantzen Beach","Portland Central City to Vancouver",45.607396,-122.68043,"Food",4264792,3132
"I-5 NB Jantzen Beach","Portland Central City to Vancouver",45.607396,-122.68043,"Gravel, Sand, etc.",21115,1685
"I-5 NB Jantzen Beach","Portland Central City to Vancouver",45.607396,-122.68043,"Machinery",2983551,1721
"I-5 NB Jantzen Beach","Portland Central City to Vancouver",45.607396,-122.68043,"Misc manufactured",721993,345
"I-5 NB Jantzen Beach","Portland Central City to Vancouver",45.607396,-122.68043,"Motor Vehicles, etc.",12192,1
"I-5 NB Jantzen Beach","Portland Central City to Vancouver",45.607396,-122.68043,"Wood, Paper, etc.",3357314,5993
"I-5 NB Lombard","Portland Central City to Vancouver",45.58064,-122.677642,"Agriculture",1265520,2753
"I-5 NB Lombard","Portland Central City to Vancouver",455.8064,-1226.77642,"All Goods",17060599,28491
"I-5 NB Lombard","Portland Central City to Vancouver",45.58064,-122.677642,"Chemical",820133,2267
"I-5 NB Lombard","Portland Central City to Vancouver",45.58064,-122.677642,"Coal, Oil, Waste, etc.",4551307,11172
"I-5 NB Lombard","Portland Central City to Vancouver",45.58064,-122.677642,"Electronics",500067,43
"I-5 NB Lombard","Portland Central City to Vancouver",45.58064,-122.677642,"Food",4072065,2990
"I-5 NB Lombard","Portland Central City to Vancouver",45.58064,-122.677642,"Gravel, Sand, etc.",29358,2342
"I-5 NB Lombard","Portland Central City to Vancouver",45.58064,-122.677642,"Machinery",2165845,1249
"I-5 NB Lombard","Portland Central City to Vancouver",45.58064,-122.677642,"Misc manufactured",637455,305
"I-5 NB Lombard","Portland Central City to Vancouver",45.58064,-122.677642,"Motor Vehicles, etc.",12192,1
"I-5 NB Lombard","Portland Central City to Vancouver",45.58064,-122.677642,"Wood, Paper, etc.",3006657,5367
"I-5 SB Fremont","Portland Central City to Vancouver",45.551076,-122.679786,"Agriculture",783622,1705
"I-5 SB Fremont","Portland Central City to Vancouver",455.51076,-1226.79786,"All Goods",29126436,35479
"I-5 SB Fremont","Portland Central City to Vancouver",45.551076,-122.679786,"Chemical",619496,1713
"I-5 SB Fremont","Portland Central City to Vancouver",45.551076,-122.679786,"Coal, Oil, Waste, etc.",4674507,11475
"I-5 SB Fremont","Portland Central City to Vancouver",45.551076,-122.679786,"Electronics",1455687,125
"I-5 SB Fremont","Portland Central City to Vancouver",45.551076,-122.679786,"Food",6853780,5033
"I-5 SB Fremont","Portland Central City to Vancouver",45.551076,-122.679786,"Gravel, Sand, etc.",13266,1058
"I-5 SB Fremont","Portland Central City to Vancouver",45.551076,-122.679786,"Machinery",5079988,2931
"I-5 SB Fremont","Portland Central City to Vancouver",45.551076,-122.679786,"Misc manufactured",1903174,909
"I-5 SB Fremont","Portland Central City to Vancouver",45.551076,-122.679786,"Motor Vehicles, etc.",1950393,190
"I-5 SB Fremont","Portland Central City to Vancouver",45.551076,-122.679786,"Wood, Paper, etc.",5792523,10340
"I-5 SB Jantzen Beach","Portland Central City to Vancouver",45.607396,-122.681931,"Agriculture",255525,556
"I-5 SB Jantzen Beach","Portland Central City to Vancouver",456.07396,-1226.81931,"All Goods",25997561,29429
"I-5 SB Jantzen Beach","Portland Central City to Vancouver",45.607396,-122.681931,"Chemical",866273,2395
"I-5 SB Jantzen Beach","Portland Central City to Vancouver",45.607396,-122.681931,"Coal, Oil, Waste, etc.",2390020,5867
"I-5 SB Jantzen Beach","Portland Central City to Vancouver",45.607396,-122.681931,"Electronics",1096121,94
"I-5 SB Jantzen Beach","Portland Central City to Vancouver",45.607396,-122.681931,"Food",6550319,4810
"I-5 SB Jantzen Beach","Portland Central City to Vancouver",45.607396,-122.681931,"Gravel, Sand, etc.",14233,1136
"I-5 SB Jantzen Beach","Portland Central City to Vancouver",45.607396,-122.681931,"Machinery",5056516,2917
"I-5 SB Jantzen Beach","Portland Central City to Vancouver",45.607396,-122.681931,"Misc manufactured",1934565,924
"I-5 SB Jantzen Beach","Portland Central City to Vancouver",45.607396,-122.681931,"Motor Vehicles, etc.",1928418,188
"I-5 SB Jantzen Beach","Portland Central City to Vancouver",45.607396,-122.681931,"Wood, Paper, etc.",5905571,10542
"I-5 SB Lombard","Portland Central City to Vancouver",45.58028,-122.679272,"Agriculture",662270,1441
"I-5 SB Lombard","Portland Central City to Vancouver",455.8028,-1226.79272,"All Goods",24772469,28670
"I-5 SB Lombard","Portland Central City to Vancouver",45.58028,-122.679272,"Chemical",608642,1683
"I-5 SB Lombard","Portland Central City to Vancouver",45.58028,-122.679272,"Coal, Oil, Waste, etc.",2841860,6976
"I-5 SB Lombard","Portland Central City to Vancouver",45.58028,-122.679272,"Electronics",1271466,110
"I-5 SB Lombard","Portland Central City to Vancouver",45.58028,-122.679272,"Food",6555081,4814
"I-5 SB Lombard","Portland Central City to Vancouver",45.58028,-122.679272,"Gravel, Sand, etc.",12402,989
"I-5 SB Lombard","Portland Central City to Vancouver",45.58028,-122.679272,"Machinery",3712684,2142
"I-5 SB Lombard","Portland Central City to Vancouver",45.58028,-122.679272,"Misc manufactured",1903174,909
"I-5 SB Lombard","Portland Central City to Vancouver",45.58028,-122.679272,"Motor Vehicles, etc.",1928418,188
"I-5 SB Lombard","Portland Central City to Vancouver",45.58028,-122.679272,"Wood, Paper, etc.",5276472,9419
"Col Blvd EB Chimney Park","Rivergate to I-5",45.610041,-122.760483,"Agriculture",244288,531
"Col Blvd EB Chimney Park","Rivergate to I-5",456.10041,-1227.60483,"All Goods",6452782,7921
"Col Blvd EB Chimney Park","Rivergate to I-5",45.610041,-122.760483,"Chemical",5741,16
"Col Blvd EB Chimney Park","Rivergate to I-5",45.610041,-122.760483,"Coal, Oil, Waste, etc.",1119464,2748
"Col Blvd EB Chimney Park","Rivergate to I-5",45.610041,-122.760483,"Electronics",129411,11
"Col Blvd EB Chimney Park","Rivergate to I-5",45.610041,-122.760483,"Food",1511286,1110
"Col Blvd EB Chimney Park","Rivergate to I-5",45.610041,-122.760483,"Gravel, Sand, etc.",617,49
"Col Blvd EB Chimney Park","Rivergate to I-5",45.610041,-122.760483,"Machinery",2070464,1194
"Col Blvd EB Chimney Park","Rivergate to I-5",45.610041,-122.760483,"Misc manufactured",78477,38
"Col Blvd EB Chimney Park","Rivergate to I-5",45.610041,-122.760483,"Motor Vehicles, etc.",50196,5
"Col Blvd EB Chimney Park","Rivergate to I-5",45.610041,-122.760483,"Wood, Paper, etc.",1242837,2219
"Col Blvd EB Interstate","Rivergate to I-5",45.586977,-122.69236,"Agriculture",215215,468
"Col Blvd EB Interstate","Rivergate to I-5",455.86977,-1226.9236,"All Goods",4501617,5780
"Col Blvd EB Interstate","Rivergate to I-5",45.586977,-122.69236,"Chemical",164266,454
"Col Blvd EB Interstate","Rivergate to I-5",45.586977,-122.69236,"Coal, Oil, Waste, etc.",964989,2369
"Col Blvd EB Interstate","Rivergate to I-5",45.586977,-122.69236,"Electronics",71518,6
"Col Blvd EB Interstate","Rivergate to I-5",45.586977,-122.69236,"Food",1349630,991
"Col Blvd EB Interstate","Rivergate to I-5",45.586977,-122.69236,"Gravel, Sand, etc.",136,11
"Col Blvd EB Interstate","Rivergate to I-5",45.586977,-122.69236,"Machinery",1180766,681
"Col Blvd EB Interstate","Rivergate to I-5",45.586977,-122.69236,"Misc manufactured",109868,52
"Col Blvd EB Interstate","Rivergate to I-5",45.586977,-122.69236,"Motor Vehicles, etc.",28222,3
"Col Blvd EB Interstate","Rivergate to I-5",45.586977,-122.69236,"Wood, Paper, etc.",417007,744
"Col Blvd WB Chimney Park","Rivergate to I-5",45.610041,-122.760483,"Agriculture",138612,302
"Col Blvd WB Chimney Park","Rivergate to I-5",456.10041,-1227.60483,"All Goods",4690754,7460
"Col Blvd WB Chimney Park","Rivergate to I-5",45.610041,-122.760483,"Chemical",164483,455
"Col Blvd WB Chimney Park","Rivergate to I-5",45.610041,-122.760483,"Coal, Oil, Waste, etc.",1107015,2717
"Col Blvd WB Chimney Park","Rivergate to I-5",45.610041,-122.760483,"Electronics",87083,8
"Col Blvd WB Chimney Park","Rivergate to I-5",45.610041,-122.760483,"Food",1167182,857
"Col Blvd WB Chimney Park","Rivergate to I-5",45.610041,-122.760483,"Gravel, Sand, etc.",3197,255
"Col Blvd WB Chimney Park","Rivergate to I-5",45.610041,-122.760483,"Machinery",419162,242
"Col Blvd WB Chimney Park","Rivergate to I-5",45.610041,-122.760483,"Misc manufactured",109868,52
"Col Blvd WB Chimney Park","Rivergate to I-5",45.610041,-122.760483,"Motor Vehicles, etc.",56444,6
"Col Blvd WB Chimney Park","Rivergate to I-5",45.610041,-122.760483,"Wood, Paper, etc.",1437709,2566
"Col Blvd WB Interstate","Rivergate to I-5",45.586977,-122.69236,"Agriculture",132924,289
"Col Blvd WB Interstate","Rivergate to I-5",455.86977,-1226.9236,"All Goods",4545017,7860
"Col Blvd WB Interstate","Rivergate to I-5",45.586977,-122.69236,"Chemical",321964,890
"Col Blvd WB Interstate","Rivergate to I-5",45.586977,-122.69236,"Coal, Oil, Waste, etc.",1447232,3553
"Col Blvd WB Interstate","Rivergate to I-5",45.586977,-122.69236,"Electronics",108399,9
"Col Blvd WB Interstate","Rivergate to I-5",45.586977,-122.69236,"Food",1044637,767
"Col Blvd WB Interstate","Rivergate to I-5",45.586977,-122.69236,"Gravel, Sand, etc.",4978,397
"Col Blvd WB Interstate","Rivergate to I-5",45.586977,-122.69236,"Machinery",378422,218
"Col Blvd WB Interstate","Rivergate to I-5",45.586977,-122.69236,"Misc manufactured",109868,52
"Col Blvd WB Interstate","Rivergate to I-5",45.586977,-122.69236,"Motor Vehicles, etc.",56444,6
"Col Blvd WB Interstate","Rivergate to I-5",45.586977,-122.69236,"Wood, Paper, etc.",940148,1678
"Lombard St NB Terminal 4","Rivergate to I-5",45.605478,-122.765716,"Agriculture",23148,50
"Lombard St NB Terminal 4","Rivergate to I-5",456.05478,-1227.65716,"All Goods",1517655,3279
"Lombard St NB Terminal 4","Rivergate to I-5",45.605478,-122.765716,"Chemical",5426,15
"Lombard St NB Terminal 4","Rivergate to I-5",45.605478,-122.765716,"Coal, Oil, Waste, etc.",717154,1760
"Lombard St NB Terminal 4","Rivergate to I-5",45.605478,-122.765716,"Electronics",32590,3
"Lombard St NB Terminal 4","Rivergate to I-5",45.605478,-122.765716,"Food",52526,39
"Lombard St NB Terminal 4","Rivergate to I-5",45.605478,-122.765716,"Gravel, Sand, etc.",9212,735
"Lombard St NB Terminal 4","Rivergate to I-5",45.605478,-122.765716,"Machinery",406571,235
"Lombard St NB Terminal 4","Rivergate to I-5",45.605478,-122.765716,"Misc manufactured",31391,15
"Lombard St NB Terminal 4","Rivergate to I-5",45.605478,-122.765716,"Motor Vehicles, etc.",0,0
"Lombard St NB Terminal 4","Rivergate to I-5",45.605478,-122.765716,"Wood, Paper, etc.",239638,428
"Lombard St SB Terminal 4","Rivergate to I-5",45.605478,-122.765716,"Agriculture",54647,119
"Lombard St SB Terminal 4","Rivergate to I-5",456.05478,-1227.65716,"All Goods",2234239,4521
"Lombard St SB Terminal 4","Rivergate to I-5",45.605478,-122.765716,"Chemical",2339,6
"Lombard St SB Terminal 4","Rivergate to I-5",45.605478,-122.765716,"Coal, Oil, Waste, etc.",1025054,2516
"Lombard St SB Terminal 4","Rivergate to I-5",45.605478,-122.765716,"Electronics",40189,3
"Lombard St SB Terminal 4","Rivergate to I-5",45.605478,-122.765716,"Food",166285,122
"Lombard St SB Terminal 4","Rivergate to I-5",45.605478,-122.765716,"Gravel, Sand, etc.",9003,718
"Lombard St SB Terminal 4","Rivergate to I-5",45.605478,-122.765716,"Machinery",493601,285
"Lombard St SB Terminal 4","Rivergate to I-5",45.605478,-122.765716,"Misc manufactured",22533,11
"Lombard St SB Terminal 4","Rivergate to I-5",45.605478,-122.765716,"Motor Vehicles, etc.",6248,1
"Lombard St SB Terminal 4","Rivergate to I-5",45.605478,-122.765716,"Wood, Paper, etc.",414340,740
"Marine Drive EB I-5","Rivergate to I-5",45.60806,-122.688062,"Agriculture",0,0
"Marine Drive EB I-5","Rivergate to I-5",456.0806,-1226.88062,"All Goods",0,0
"Marine Drive EB I-5","Rivergate to I-5",45.60806,-122.688062,"Chemical",0,0
"Marine Drive EB I-5","Rivergate to I-5",45.60806,-122.688062,"Coal, Oil, Waste, etc.",0,0
"Marine Drive EB I-5","Rivergate to I-5",45.60806,-122.688062,"Electronics",0,0
"Marine Drive EB I-5","Rivergate to I-5",45.60806,-122.688062,"Food",0,0
"Marine Drive EB I-5","Rivergate to I-5",45.60806,-122.688062,"Gravel, Sand, etc.",0,0
"Marine Drive EB I-5","Rivergate to I-5",45.60806,-122.688062,"Machinery",0,0
"Marine Drive EB I-5","Rivergate to I-5",45.60806,-122.688062,"Misc manufactured",0,0
"Marine Drive EB I-5","Rivergate to I-5",45.60806,-122.688062,"Motor Vehicles, etc.",0,0
"Marine Drive EB I-5","Rivergate to I-5",45.60806,-122.688062,"Wood, Paper, etc.",0,0
"Marine Drive EB Ledbetter","Rivergate to I-5",45.637801,-122.758713,"Agriculture",555336,1208
"Marine Drive EB Ledbetter","Rivergate to I-5",456.37801,-1227.58713,"All Goods",2811473,4143
"Marine Drive EB Ledbetter","Rivergate to I-5",45.637801,-122.758713,"Chemical",87352,242
"Marine Drive EB Ledbetter","Rivergate to I-5",45.637801,-122.758713,"Coal, Oil, Waste, etc.",618044,1517
"Marine Drive EB Ledbetter","Rivergate to I-5",45.637801,-122.758713,"Electronics",17196,1
"Marine Drive EB Ledbetter","Rivergate to I-5",45.637801,-122.758713,"Food",779433,572
"Marine Drive EB Ledbetter","Rivergate to I-5",45.637801,-122.758713,"Gravel, Sand, etc.",0,0
"Marine Drive EB Ledbetter","Rivergate to I-5",45.637801,-122.758713,"Machinery",572414,330
"Marine Drive EB Ledbetter","Rivergate to I-5",45.637801,-122.758713,"Misc manufactured",40249,19
"Marine Drive EB Ledbetter","Rivergate to I-5",45.637801,-122.758713,"Motor Vehicles, etc.",0,0
"Marine Drive EB Ledbetter","Rivergate to I-5",45.637801,-122.758713,"Wood, Paper, etc.",141450,252
"Marine Drive WB I-5","Rivergate to I-5",45.60806,-122.688062,"Agriculture",40722,89
"Marine Drive WB I-5","Rivergate to I-5",456.0806,-1226.88062,"All Goods",1779019,2134
"Marine Drive WB I-5","Rivergate to I-5",45.60806,-122.688062,"Chemical",8488,23
"Marine Drive WB I-5","Rivergate to I-5",45.60806,-122.688062,"Coal, Oil, Waste, etc.",498397,1223
"Marine Drive WB I-5","Rivergate to I-5",45.60806,-122.688062,"Electronics",5377,0
"Marine Drive WB I-5","Rivergate to I-5",45.60806,-122.688062,"Food",274877,202
"Marine Drive WB I-5","Rivergate to I-5",45.60806,-122.688062,"Gravel, Sand, etc.",0,0
"Marine Drive WB I-5","Rivergate to I-5",45.60806,-122.688062,"Machinery",894585,516
"Marine Drive WB I-5","Rivergate to I-5",45.60806,-122.688062,"Misc manufactured",15884,8
"Marine Drive WB I-5","Rivergate to I-5",45.60806,-122.688062,"Motor Vehicles, etc.",0,0
"Marine Drive WB I-5","Rivergate to I-5",45.60806,-122.688062,"Wood, Paper, etc.",40690,73
"Marine Drive WB Ledbetter","Rivergate to I-5",45.637801,-122.758713,"Agriculture",194701,424
"Marine Drive WB Ledbetter","Rivergate to I-5",456.37801,-1227.58713,"All Goods",2061908,2958
"Marine Drive WB Ledbetter","Rivergate to I-5",45.637801,-122.758713,"Chemical",274449,759
"Marine Drive WB Ledbetter","Rivergate to I-5",45.637801,-122.758713,"Coal, Oil, Waste, etc.",283154,695
"Marine Drive WB Ledbetter","Rivergate to I-5",45.637801,-122.758713,"Electronics",11687,1
"Marine Drive WB Ledbetter","Rivergate to I-5",45.637801,-122.758713,"Food",1099159,807
"Marine Drive WB Ledbetter","Rivergate to I-5",45.637801,-122.758713,"Gravel, Sand, etc.",0,0
"Marine Drive WB Ledbetter","Rivergate to I-5",45.637801,-122.758713,"Machinery",0,0
"Marine Drive WB Ledbetter","Rivergate to I-5",45.637801,-122.758713,"Misc manufactured",62782,30
"Marine Drive WB Ledbetter","Rivergate to I-5",45.637801,-122.758713,"Motor Vehicles, etc.",0,0
"Marine Drive WB Ledbetter","Rivergate to I-5",45.637801,-122.758713,"Wood, Paper, etc.",135976,243
"OR 99E NB","Rivergate to I-5",45.584635,-122.662929,"Agriculture",119568,260
"OR 99E NB","Rivergate to I-5",455.84635,-1226.62929,"All Goods",3143504,4914
"OR 99E NB","Rivergate to I-5",45.584635,-122.662929,"Chemical",76123,210
"OR 99E NB","Rivergate to I-5",45.584635,-122.662929,"Coal, Oil, Waste, etc.",1229010,3017
"OR 99E NB","Rivergate to I-5",45.584635,-122.662929,"Electronics",10005,1
"OR 99E NB","Rivergate to I-5",45.584635,-122.662929,"Food",1470371,1080
"OR 99E NB","Rivergate to I-5",45.584635,-122.662929,"Gravel, Sand, etc.",564,45
"OR 99E NB","Rivergate to I-5",45.584635,-122.662929,"Machinery",77698,45
"OR 99E NB","Rivergate to I-5",45.584635,-122.662929,"Misc manufactured",23204,11
"OR 99E NB","Rivergate to I-5",45.584635,-122.662929,"Motor Vehicles, etc.",0,0
"OR 99E NB","Rivergate to I-5",45.584635,-122.662929,"Wood, Paper, etc.",136962,244
"OR 99E SB","Rivergate to I-5",45.584635,-122.662929,"Agriculture",51738,113
"OR 99E SB","Rivergate to I-5",455.84635,-1226.62929,"All Goods",2480774,3803
"OR 99E SB","Rivergate to I-5",45.584635,-122.662929,"Chemical",89436,247
"OR 99E SB","Rivergate to I-5",45.584635,-122.662929,"Coal, Oil, Waste, etc.",905844,2224
"OR 99E SB","Rivergate to I-5",45.584635,-122.662929,"Electronics",32867,3
"OR 99E SB","Rivergate to I-5",45.584635,-122.662929,"Food",700509,514
"OR 99E SB","Rivergate to I-5",45.584635,-122.662929,"Gravel, Sand, etc.",1409,112
"OR 99E SB","Rivergate to I-5",45.584635,-122.662929,"Machinery",499483,288
"OR 99E SB","Rivergate to I-5",45.584635,-122.662929,"Misc manufactured",41260,20
"OR 99E SB","Rivergate to I-5",45.584635,-122.662929,"Motor Vehicles, etc.",0,0
"OR 99E SB","Rivergate to I-5",45.584635,-122.662929,"Wood, Paper, etc.",158228,282
"I-205 EB Stafford","Tigard to Wilsonville",45.371176,-122.725573,"Agriculture",291505,634
"I-205 EB Stafford","Tigard to Wilsonville",453.71176,-1227.25573,"All Goods",8939264,13019
"I-205 EB Stafford","Tigard to Wilsonville",45.371176,-122.725573,"Chemical",439090,1214
"I-205 EB Stafford","Tigard to Wilsonville",45.371176,-122.725573,"Coal, Oil, Waste, etc.",1982468,4866
"I-205 EB Stafford","Tigard to Wilsonville",45.371176,-122.725573,"Electronics",280545,24
"I-205 EB Stafford","Tigard to Wilsonville",45.371176,-122.725573,"Food",596178,438
"I-205 EB Stafford","Tigard to Wilsonville",45.371176,-122.725573,"Gravel, Sand, etc.",19062,1521
"I-205 EB Stafford","Tigard to Wilsonville",45.371176,-122.725573,"Machinery",3558267,2053
"I-205 EB Stafford","Tigard to Wilsonville",45.371176,-122.725573,"Misc manufactured",87724,42
"I-205 EB Stafford","Tigard to Wilsonville",45.371176,-122.725573,"Motor Vehicles, etc.",461813,45
"I-205 EB Stafford","Tigard to Wilsonville",45.371176,-122.725573,"Wood, Paper, etc.",1222614,2182
"I-205 WB Stafford","Tigard to Wilsonville",45.375397,-122.721627,"Agriculture",473392,1030
"I-205 WB Stafford","Tigard to Wilsonville",453.75397,-1227.21627,"All Goods",9819672,17386
"I-205 WB Stafford","Tigard to Wilsonville",45.375397,-122.721627,"Chemical",538514,1489
"I-205 WB Stafford","Tigard to Wilsonville",45.375397,-122.721627,"Coal, Oil, Waste, etc.",3093211,7593
"I-205 WB Stafford","Tigard to Wilsonville",45.375397,-122.721627,"Electronics",221926,19
"I-205 WB Stafford","Tigard to Wilsonville",45.375397,-122.721627,"Food",1577781,1159
"I-205 WB Stafford","Tigard to Wilsonville",45.375397,-122.721627,"Gravel, Sand, etc.",20215,1613
"I-205 WB Stafford","Tigard to Wilsonville",45.375397,-122.721627,"Machinery",1897066,1094
"I-205 WB Stafford","Tigard to Wilsonville",45.375397,-122.721627,"Misc manufactured",73602,35
"I-205 WB Stafford","Tigard to Wilsonville",45.375397,-122.721627,"Motor Vehicles, etc.",47331,5
"I-205 WB Stafford","Tigard to Wilsonville",45.375397,-122.721627,"Wood, Paper, etc.",1876634,3350
"I-5 NB I-205","Tigard to Wilsonville",45.347776,-122.7628,"Agriculture",846401,1841
"I-5 NB I-205","Tigard to Wilsonville",453.47776,-1227.628,"All Goods",21971174,34752
"I-5 NB I-205","Tigard to Wilsonville",45.347776,-122.7628,"Chemical",1006947,2784
"I-5 NB I-205","Tigard to Wilsonville",45.347776,-122.7628,"Coal, Oil, Waste, etc.",5991009,14706
"I-5 NB I-205","Tigard to Wilsonville",45.347776,-122.7628,"Electronics",508050,44
"I-5 NB I-205","Tigard to Wilsonville",45.347776,-122.7628,"Food",4265644,3133
"I-5 NB I-205","Tigard to Wilsonville",45.347776,-122.7628,"Gravel, Sand, etc.",46261,3691
"I-5 NB I-205","Tigard to Wilsonville",45.347776,-122.7628,"Machinery",5096973,2940
"I-5 NB I-205","Tigard to Wilsonville",45.347776,-122.7628,"Misc manufactured",126803,61
"I-5 NB I-205","Tigard to Wilsonville",45.347776,-122.7628,"Motor Vehicles, etc.",1028877,100
"I-5 NB I-205","Tigard to Wilsonville",45.347776,-122.7628,"Wood, Paper, etc.",3054209,5452
"I-5 NB OR 217","Tigard to Wilsonville",45.414804,-122.742657,"Agriculture",1262525,2747
"I-5 NB OR 217","Tigard to Wilsonville",454.14804,-1227.42657,"All Goods",22018826,37359
"I-5 NB OR 217","Tigard to Wilsonville",45.414804,-122.742657,"Chemical",1131048,3127
"I-5 NB OR 217","Tigard to Wilsonville",45.414804,-122.742657,"Coal, Oil, Waste, etc.",5976928,14672
"I-5 NB OR 217","Tigard to Wilsonville",45.414804,-122.742657,"Electronics",832036,72
"I-5 NB OR 217","Tigard to Wilsonville",45.414804,-122.742657,"Food",5621883,4129
"I-5 NB OR 217","Tigard to Wilsonville",45.414804,-122.742657,"Gravel, Sand, etc.",59003,4707
"I-5 NB OR 217","Tigard to Wilsonville",45.414804,-122.742657,"Machinery",2709176,1563
"I-5 NB OR 217","Tigard to Wilsonville",45.414804,-122.742657,"Misc manufactured",460267,220
"I-5 NB OR 217","Tigard to Wilsonville",45.414804,-122.742657,"Motor Vehicles, etc.",567065,55
"I-5 NB OR 217","Tigard to Wilsonville",45.414804,-122.742657,"Wood, Paper, etc.",3398895,6067
"I-5 SB I-205","Tigard to Wilsonville",45.346931,-122.769147,"Agriculture",1938854,4218
"I-5 SB I-205","Tigard to Wilsonville",453.46931,-1227.69147,"All Goods",37974862,67544
"I-5 SB I-205","Tigard to Wilsonville",45.346931,-122.769147,"Chemical",3000426,8295
"I-5 SB I-205","Tigard to Wilsonville",45.346931,-122.769147,"Coal, Oil, Waste, etc.",11459847,28131
"I-5 SB I-205","Tigard to Wilsonville",45.346931,-122.769147,"Electronics",895761,77
"I-5 SB I-205","Tigard to Wilsonville",45.346931,-122.769147,"Food",5728150,4207
"I-5 SB I-205","Tigard to Wilsonville",45.346931,-122.769147,"Gravel, Sand, etc.",58490,4666
"I-5 SB I-205","Tigard to Wilsonville",45.346931,-122.769147,"Machinery",6707748,3870
"I-5 SB I-205","Tigard to Wilsonville",45.346931,-122.769147,"Misc manufactured",283461,135
"I-5 SB I-205","Tigard to Wilsonville",45.346931,-122.769147,"Motor Vehicles, etc.",95431,9
"I-5 SB I-205","Tigard to Wilsonville",45.346931,-122.769147,"Wood, Paper, etc.",7806694,13936
"I-5 SB OR 217","Tigard to Wilsonville",45.414382,-122.745316,"Agriculture",1921982,4182
"I-5 SB OR 217","Tigard to Wilsonville",454.14382,-1227.45316,"All Goods",39391921,69972
"I-5 SB OR 217","Tigard to Wilsonville",45.414382,-122.745316,"Chemical",2757896,7625
"I-5 SB OR 217","Tigard to Wilsonville",45.414382,-122.745316,"Coal, Oil, Waste, etc.",11319169,27785
"I-5 SB OR 217","Tigard to Wilsonville",45.414382,-122.745316,"Electronics",1182437,102
"I-5 SB OR 217","Tigard to Wilsonville",45.414382,-122.745316,"Food",6241685,4584
"I-5 SB OR 217","Tigard to Wilsonville",45.414382,-122.745316,"Gravel, Sand, etc.",80406,6415
"I-5 SB OR 217","Tigard to Wilsonville",45.414382,-122.745316,"Machinery",7048738,4066
"I-5 SB OR 217","Tigard to Wilsonville",45.414382,-122.745316,"Misc manufactured",255130,122
"I-5 SB OR 217","Tigard to Wilsonville",45.414382,-122.745316,"Motor Vehicles, etc.",137579,13
"I-5 SB OR 217","Tigard to Wilsonville",45.414382,-122.745316,"Wood, Paper, etc.",8446901,15078
"Tual Sher Rd EB I-5","Tigard/Tualatin to Sherwood/Newberg",45.382437,-122.755966,"Agriculture",329037,716
"Tual Sher Rd EB I-5","Tigard/Tualatin to Sherwood/Newberg",453.82437,-1227.55966,"All Goods",4807497,10229
"Tual Sher Rd EB I-5","Tigard/Tualatin to Sherwood/Newberg",45.382437,-122.755966,"Chemical",532508,1472
"Tual Sher Rd EB I-5","Tigard/Tualatin to Sherwood/Newberg",45.382437,-122.755966,"Coal, Oil, Waste, etc.",2017153,4952
"Tual Sher Rd EB I-5","Tigard/Tualatin to Sherwood/Newberg",45.382437,-122.755966,"Electronics",491092,42
"Tual Sher Rd EB I-5","Tigard/Tualatin to Sherwood/Newberg",45.382437,-122.755966,"Food",568031,417
"Tual Sher Rd EB I-5","Tigard/Tualatin to Sherwood/Newberg",45.382437,-122.755966,"Gravel, Sand, etc.",18610,1485
"Tual Sher Rd EB I-5","Tigard/Tualatin to Sherwood/Newberg",45.382437,-122.755966,"Machinery",309677,179
"Tual Sher Rd EB I-5","Tigard/Tualatin to Sherwood/Newberg",45.382437,-122.755966,"Misc manufactured",0,0
"Tual Sher Rd EB I-5","Tigard/Tualatin to Sherwood/Newberg",45.382437,-122.755966,"Motor Vehicles, etc.",0,0
"Tual Sher Rd EB I-5","Tigard/Tualatin to Sherwood/Newberg",45.382437,-122.755966,"Wood, Paper, etc.",541390,966
"Tual Sher Rd EB OR 99W","Tigard/Tualatin to Sherwood/Newberg",45.368214,-122.841113,"Agriculture",250907,546
"Tual Sher Rd EB OR 99W","Tigard/Tualatin to Sherwood/Newberg",453.68214,-1228.41113,"All Goods",1164610,3410
"Tual Sher Rd EB OR 99W","Tigard/Tualatin to Sherwood/Newberg",45.368214,-122.841113,"Chemical",1994,6
"Tual Sher Rd EB OR 99W","Tigard/Tualatin to Sherwood/Newberg",45.368214,-122.841113,"Coal, Oil, Waste, etc.",491426,1206
"Tual Sher Rd EB OR 99W","Tigard/Tualatin to Sherwood/Newberg",45.368214,-122.841113,"Electronics",29076,3
"Tual Sher Rd EB OR 99W","Tigard/Tualatin to Sherwood/Newberg",45.368214,-122.841113,"Food",210724,155
"Tual Sher Rd EB OR 99W","Tigard/Tualatin to Sherwood/Newberg",45.368214,-122.841113,"Gravel, Sand, etc.",16899,1348
"Tual Sher Rd EB OR 99W","Tigard/Tualatin to Sherwood/Newberg",45.368214,-122.841113,"Machinery",107950,62
"Tual Sher Rd EB OR 99W","Tigard/Tualatin to Sherwood/Newberg",45.368214,-122.841113,"Misc manufactured",11243,5
"Tual Sher Rd EB OR 99W","Tigard/Tualatin to Sherwood/Newberg",45.368214,-122.841113,"Motor Vehicles, etc.",0,0
"Tual Sher Rd EB OR 99W","Tigard/Tualatin to Sherwood/Newberg",45.368214,-122.841113,"Wood, Paper, etc.",44391,79
"Tual Sher Rd WB I-5","Tigard/Tualatin to Sherwood/Newberg",45.38292,-122.756127,"Agriculture",127560,278
"Tual Sher Rd WB I-5","Tigard/Tualatin to Sherwood/Newberg",453.8292,-1227.56127,"All Goods",4383751,9637
"Tual Sher Rd WB I-5","Tigard/Tualatin to Sherwood/Newberg",45.38292,-122.756127,"Chemical",162720,450
"Tual Sher Rd WB I-5","Tigard/Tualatin to Sherwood/Newberg",45.38292,-122.756127,"Coal, Oil, Waste, etc.",1857957,4561
"Tual Sher Rd WB I-5","Tigard/Tualatin to Sherwood/Newberg",45.38292,-122.756127,"Electronics",157058,14
"Tual Sher Rd WB I-5","Tigard/Tualatin to Sherwood/Newberg",45.38292,-122.756127,"Food",567315,417
"Tual Sher Rd WB I-5","Tigard/Tualatin to Sherwood/Newberg",45.38292,-122.756127,"Gravel, Sand, etc.",23278,1857
"Tual Sher Rd WB I-5","Tigard/Tualatin to Sherwood/Newberg",45.38292,-122.756127,"Machinery",492055,284
"Tual Sher Rd WB I-5","Tigard/Tualatin to Sherwood/Newberg",45.38292,-122.756127,"Misc manufactured",0,0
"Tual Sher Rd WB I-5","Tigard/Tualatin to Sherwood/Newberg",45.38292,-122.756127,"Motor Vehicles, etc.",0,0
"Tual Sher Rd WB I-5","Tigard/Tualatin to Sherwood/Newberg",45.38292,-122.756127,"Wood, Paper, etc.",995807,1778
"Tual Sher Rd WB OR 99W","Tigard/Tualatin to Sherwood/Newberg",45.369028,-122.840963,"Agriculture",57115,124
"Tual Sher Rd WB OR 99W","Tigard/Tualatin to Sherwood/Newberg",453.69028,-1228.40963,"All Goods",1260717,1935
"Tual Sher Rd WB OR 99W","Tigard/Tualatin to Sherwood/Newberg",45.369028,-122.840963,"Chemical",0,0
"Tual Sher Rd WB OR 99W","Tigard/Tualatin to Sherwood/Newberg",45.369028,-122.840963,"Coal, Oil, Waste, etc.",236043,579
"Tual Sher Rd WB OR 99W","Tigard/Tualatin to Sherwood/Newberg",45.369028,-122.840963,"Electronics",17050,1
"Tual Sher Rd WB OR 99W","Tigard/Tualatin to Sherwood/Newberg",45.369028,-122.840963,"Food",506548,372
"Tual Sher Rd WB OR 99W","Tigard/Tualatin to Sherwood/Newberg",45.369028,-122.840963,"Gravel, Sand, etc.",1239,99
"Tual Sher Rd WB OR 99W","Tigard/Tualatin to Sherwood/Newberg",45.369028,-122.840963,"Machinery",26002,15
"Tual Sher Rd WB OR 99W","Tigard/Tualatin to Sherwood/Newberg",45.369028,-122.840963,"Misc manufactured",0,0
"Tual Sher Rd WB OR 99W","Tigard/Tualatin to Sherwood/Newberg",45.369028,-122.840963,"Motor Vehicles, etc.",0,0
"Tual Sher Rd WB OR 99W","Tigard/Tualatin to Sherwood/Newberg",45.369028,-122.840963,"Wood, Paper, etc.",416720,744
