ID,DISTRICT,Central SacramentoCounty,El Dorado,NE SacramentoCounty,NW SacramentoCounty,Placer,SE SacramentoCounty,Sutter,SW SacramentoCounty,Yolo,Yuba
1073,Central SacramentoCounty,1,0,0,0,0,0,0,0,0,0
781,Central SacramentoCounty,1,0,0,0,0,0,0,0,0,0
1068,Central SacramentoCounty,1,0,0,0,0,0,0,0,0,0
1528,Central SacramentoCounty,1,0,0,0,0,0,0,0,0,0
1063,Central SacramentoCounty,1,0,0,0,0,0,0,0,0,0
1074,Central SacramentoCounty,1,0,0,0,0,0,0,0,0,0
1067,Central SacramentoCounty,1,0,0,0,0,0,0,0,0,0
1070,Central SacramentoCounty,1,0,0,0,0,0,0,0,0,0
1072,Central SacramentoCounty,1,0,0,0,0,0,0,0,0,0
1071,Central SacramentoCounty,1,0,0,0,0,0,0,0,0,0
1062,Central SacramentoCounty,1,0,0,0,0,0,0,0,0,0
1066,Central SacramentoCounty,1,0,0,0,0,0,0,0,0,0
1064,Central SacramentoCounty,1,0,0,0,0,0,0,0,0,0
1065,Central SacramentoCounty,1,0,0,0,0,0,0,0,0,0
1069,Central SacramentoCounty,1,0,0,0,0,0,0,0,0,0
1527,Central SacramentoCounty,1,0,0,0,0,0,0,0,0,0
1076,Central SacramentoCounty,1,0,0,0,0,0,0,0,0,0
779,Central SacramentoCounty,1,0,0,0,0,0,0,0,0,0
783,Central SacramentoCounty,1,0,0,0,0,0,0,0,0,0
782,Central SacramentoCounty,1,0,0,0,0,0,0,0,0,0
805,Central SacramentoCounty,1,0,0,0,0,0,0,0,0,0
804,Central SacramentoCounty,1,0,0,0,0,0,0,0,0,0
466,Central SacramentoCounty,1,0,0,0,0,0,0,0,0,0
1075,Central SacramentoCounty,1,0,0,0,0,0,0,0,0,0
764,Central SacramentoCounty,1,0,0,0,0,0,0,0,0,0
765,Central SacramentoCounty,1,0,0,0,0,0,0,0,0,0
1077,Central SacramentoCounty,1,0,0,0,0,0,0,0,0,0
784,Central SacramentoCounty,1,0,0,0,0,0,0,0,0,0
780,Central SacramentoCounty,1,0,0,0,0,0,0,0,0,0
763,Central SacramentoCounty,1,0,0,0,0,0,0,0,0,0
803,Central SacramentoCounty,1,0,0,0,0,0,0,0,0,0
766,Central SacramentoCounty,1,0,0,0,0,0,0,0,0,0
468,Central SacramentoCounty,1,0,0,0,0,0,0,0,0,0
802,Central SacramentoCounty,1,0,0,0,0,0,0,0,0,0
769,Central SacramentoCounty,1,0,0,0,0,0,0,0,0,0
801,Central SacramentoCounty,1,0,0,0,0,0,0,0,0,0
799,Central SacramentoCounty,1,0,0,0,0,0,0,0,0,0
893,Central SacramentoCounty,1,0,0,0,0,0,0,0,0,0
771,Central SacramentoCounty,1,0,0,0,0,0,0,0,0,0
785,Central SacramentoCounty,1,0,0,0,0,0,0,0,0,0
786,Central SacramentoCounty,1,0,0,0,0,0,0,0,0,0
770,Central SacramentoCounty,1,0,0,0,0,0,0,0,0,0
806,Central SacramentoCounty,1,0,0,0,0,0,0,0,0,0
800,Central SacramentoCounty,1,0,0,0,0,0,0,0,0,0
467,Central SacramentoCounty,1,0,0,0,0,0,0,0,0,0
808,Central SacramentoCounty,1,0,0,0,0,0,0,0,0,0
767,Central SacramentoCounty,1,0,0,0,0,0,0,0,0,0
797,Central SacramentoCounty,1,0,0,0,0,0,0,0,0,0
807,Central SacramentoCounty,1,0,0,0,0,0,0,0,0,0
774,Central SacramentoCounty,1,0,0,0,0,0,0,0,0,0
812,Central SacramentoCounty,1,0,0,0,0,0,0,0,0,0
798,Central SacramentoCounty,1,0,0,0,0,0,0,0,0,0
768,Central SacramentoCounty,1,0,0,0,0,0,0,0,0,0
787,Central SacramentoCounty,1,0,0,0,0,0,0,0,0,0
809,Central SacramentoCounty,1,0,0,0,0,0,0,0,0,0
470,Central SacramentoCounty,1,0,0,0,0,0,0,0,0,0
777,Central SacramentoCounty,1,0,0,0,0,0,0,0,0,0
772,Central SacramentoCounty,1,0,0,0,0,0,0,0,0,0
795,Central SacramentoCounty,1,0,0,0,0,0,0,0,0,0
810,Central SacramentoCounty,1,0,0,0,0,0,0,0,0,0
894,Central SacramentoCounty,1,0,0,0,0,0,0,0,0,0
778,Central SacramentoCounty,1,0,0,0,0,0,0,0,0,0
773,Central SacramentoCounty,1,0,0,0,0,0,0,0,0,0
474,Central SacramentoCounty,1,0,0,0,0,0,0,0,0,0
469,Central SacramentoCounty,1,0,0,0,0,0,0,0,0,0
811,Central SacramentoCounty,1,0,0,0,0,0,0,0,0,0
796,Central SacramentoCounty,1,0,0,0,0,0,0,0,0,0
789,Central SacramentoCounty,1,0,0,0,0,0,0,0,0,0
788,Central SacramentoCounty,1,0,0,0,0,0,0,0,0,0
471,Central SacramentoCounty,1,0,0,0,0,0,0,0,0,0
514,Central SacramentoCounty,1,0,0,0,0,0,0,0,0,0
1162,Central SacramentoCounty,1,0,0,0,0,0,0,0,0,0
776,Central SacramentoCounty,1,0,0,0,0,0,0,0,0,0
657,Central SacramentoCounty,1,0,0,0,0,0,0,0,0,0
517,Central SacramentoCounty,1,0,0,0,0,0,0,0,0,0
792,Central SacramentoCounty,1,0,0,0,0,0,0,0,0,0
790,Central SacramentoCounty,1,0,0,0,0,0,0,0,0,0
473,Central SacramentoCounty,1,0,0,0,0,0,0,0,0,0
775,Central SacramentoCounty,1,0,0,0,0,0,0,0,0,0
791,Central SacramentoCounty,1,0,0,0,0,0,0,0,0,0
656,Central SacramentoCounty,1,0,0,0,0,0,0,0,0,0
793,Central SacramentoCounty,1,0,0,0,0,0,0,0,0,0
479,Central SacramentoCounty,1,0,0,0,0,0,0,0,0,0
516,Central SacramentoCounty,1,0,0,0,0,0,0,0,0,0
1177,Central SacramentoCounty,1,0,0,0,0,0,0,0,0,0
658,Central SacramentoCounty,1,0,0,0,0,0,0,0,0,0
794,Central SacramentoCounty,1,0,0,0,0,0,0,0,0,0
477,Central SacramentoCounty,1,0,0,0,0,0,0,0,0,0
1178,Central SacramentoCounty,1,0,0,0,0,0,0,0,0,0
515,Central SacramentoCounty,1,0,0,0,0,0,0,0,0,0
472,Central SacramentoCounty,1,0,0,0,0,0,0,0,0,0
663,Central SacramentoCounty,1,0,0,0,0,0,0,0,0,0
915,Central SacramentoCounty,1,0,0,0,0,0,0,0,0,0
522,Central SacramentoCounty,1,0,0,0,0,0,0,0,0,0
655,Central SacramentoCounty,1,0,0,0,0,0,0,0,0,0
916,Central SacramentoCounty,1,0,0,0,0,0,0,0,0,0
1042,Central SacramentoCounty,1,0,0,0,0,0,0,0,0,0
521,Central SacramentoCounty,1,0,0,0,0,0,0,0,0,0
1176,Central SacramentoCounty,1,0,0,0,0,0,0,0,0,0
481,Central SacramentoCounty,1,0,0,0,0,0,0,0,0,0
480,Central SacramentoCounty,1,0,0,0,0,0,0,0,0,0
660,Central SacramentoCounty,1,0,0,0,0,0,0,0,0,0
478,Central SacramentoCounty,1,0,0,0,0,0,0,0,0,0
475,Central SacramentoCounty,1,0,0,0,0,0,0,0,0,0
1161,Central SacramentoCounty,1,0,0,0,0,0,0,0,0,0
518,Central SacramentoCounty,1,0,0,0,0,0,0,0,0,0
523,Central SacramentoCounty,1,0,0,0,0,0,0,0,0,0
476,Central SacramentoCounty,1,0,0,0,0,0,0,0,0,0
519,Central SacramentoCounty,1,0,0,0,0,0,0,0,0,0
662,Central SacramentoCounty,1,0,0,0,0,0,0,0,0,0
1174,Central SacramentoCounty,1,0,0,0,0,0,0,0,0,0
1175,Central SacramentoCounty,1,0,0,0,0,0,0,0,0,0
520,Central SacramentoCounty,1,0,0,0,0,0,0,0,0,0
1180,Central SacramentoCounty,1,0,0,0,0,0,0,0,0,0
482,Central SacramentoCounty,1,0,0,0,0,0,0,0,0,0
659,Central SacramentoCounty,1,0,0,0,0,0,0,0,0,0
483,Central SacramentoCounty,1,0,0,0,0,0,0,0,0,0
485,Central SacramentoCounty,1,0,0,0,0,0,0,0,0,0
1179,Central SacramentoCounty,1,0,0,0,0,0,0,0,0,0
1215,Central SacramentoCounty,1,0,0,0,0,0,0,0,0,0
484,Central SacramentoCounty,1,0,0,0,0,0,0,0,0,0
524,Central SacramentoCounty,1,0,0,0,0,0,0,0,0,0
661,Central SacramentoCounty,1,0,0,0,0,0,0,0,0,0
1182,Central SacramentoCounty,1,0,0,0,0,0,0,0,0,0
677,Central SacramentoCounty,1,0,0,0,0,0,0,0,0,0
492,Central SacramentoCounty,1,0,0,0,0,0,0,0,0,0
670,Central SacramentoCounty,1,0,0,0,0,0,0,0,0,0
587,Central SacramentoCounty,1,0,0,0,0,0,0,0,0,0
1181,Central SacramentoCounty,1,0,0,0,0,0,0,0,0,0
527,Central SacramentoCounty,1,0,0,0,0,0,0,0,0,0
487,Central SacramentoCounty,1,0,0,0,0,0,0,0,0,0
486,Central SacramentoCounty,1,0,0,0,0,0,0,0,0,0
668,Central SacramentoCounty,1,0,0,0,0,0,0,0,0,0
493,Central SacramentoCounty,1,0,0,0,0,0,0,0,0,0
494,Central SacramentoCounty,1,0,0,0,0,0,0,0,0,0
664,Central SacramentoCounty,1,0,0,0,0,0,0,0,0,0
665,Central SacramentoCounty,1,0,0,0,0,0,0,0,0,0
1216,Central SacramentoCounty,1,0,0,0,0,0,0,0,0,0
676,Central SacramentoCounty,1,0,0,0,0,0,0,0,0,0
678,Central SacramentoCounty,1,0,0,0,0,0,0,0,0,0
586,Central SacramentoCounty,1,0,0,0,0,0,0,0,0,0
525,Central SacramentoCounty,1,0,0,0,0,0,0,0,0,0
526,Central SacramentoCounty,1,0,0,0,0,0,0,0,0,0
488,Central SacramentoCounty,1,0,0,0,0,0,0,0,0,0
489,Central SacramentoCounty,1,0,0,0,0,0,0,0,0,0
552,Central SacramentoCounty,1,0,0,0,0,0,0,0,0,0
669,Central SacramentoCounty,1,0,0,0,0,0,0,0,0,0
601,Central SacramentoCounty,1,0,0,0,0,0,0,0,0,0
1208,Central SacramentoCounty,1,0,0,0,0,0,0,0,0,0
1207,Central SacramentoCounty,1,0,0,0,0,0,0,0,0,0
507,Central SacramentoCounty,1,0,0,0,0,0,0,0,0,0
506,Central SacramentoCounty,1,0,0,0,0,0,0,0,0,0
505,Central SacramentoCounty,1,0,0,0,0,0,0,0,0,0
513,Central SacramentoCounty,1,0,0,0,0,0,0,0,0,0
490,Central SacramentoCounty,1,0,0,0,0,0,0,0,0,0
491,Central SacramentoCounty,1,0,0,0,0,0,0,0,0,0
495,Central SacramentoCounty,1,0,0,0,0,0,0,0,0,0
699,Central SacramentoCounty,1,0,0,0,0,0,0,0,0,0
496,Central SacramentoCounty,1,0,0,0,0,0,0,0,0,0
1517,Central SacramentoCounty,1,0,0,0,0,0,0,0,0,0
917,Central SacramentoCounty,1,0,0,0,0,0,0,0,0,0
919,Central SacramentoCounty,1,0,0,0,0,0,0,0,0,0
679,Central SacramentoCounty,1,0,0,0,0,0,0,0,0,0
600,Central SacramentoCounty,1,0,0,0,0,0,0,0,0,0
666,Central SacramentoCounty,1,0,0,0,0,0,0,0,0,0
667,Central SacramentoCounty,1,0,0,0,0,0,0,0,0,0
690,Central SacramentoCounty,1,0,0,0,0,0,0,0,0,0
672,Central SacramentoCounty,1,0,0,0,0,0,0,0,0,0
671,Central SacramentoCounty,1,0,0,0,0,0,0,0,0,0
604,Central SacramentoCounty,1,0,0,0,0,0,0,0,0,0
1206,Central SacramentoCounty,1,0,0,0,0,0,0,0,0,0
1163,Central SacramentoCounty,1,0,0,0,0,0,0,0,0,0
1211,Central SacramentoCounty,1,0,0,0,0,0,0,0,0,0
698,Central SacramentoCounty,1,0,0,0,0,0,0,0,0,0
682,Central SacramentoCounty,1,0,0,0,0,0,0,0,0,0
895,Central SacramentoCounty,1,0,0,0,0,0,0,0,0,0
605,Central SacramentoCounty,1,0,0,0,0,0,0,0,0,0
684,Central SacramentoCounty,1,0,0,0,0,0,0,0,0,0
673,Central SacramentoCounty,1,0,0,0,0,0,0,0,0,0
603,Central SacramentoCounty,1,0,0,0,0,0,0,0,0,0
1204,Central SacramentoCounty,1,0,0,0,0,0,0,0,0,0
611,Central SacramentoCounty,1,0,0,0,0,0,0,0,0,0
610,Central SacramentoCounty,1,0,0,0,0,0,0,0,0,0
508,Central SacramentoCounty,1,0,0,0,0,0,0,0,0,0
511,Central SacramentoCounty,1,0,0,0,0,0,0,0,0,0
512,Central SacramentoCounty,1,0,0,0,0,0,0,0,0,0
557,Central SacramentoCounty,1,0,0,0,0,0,0,0,0,0
896,Central SacramentoCounty,1,0,0,0,0,0,0,0,0,0
689,Central SacramentoCounty,1,0,0,0,0,0,0,0,0,0
500,Central SacramentoCounty,1,0,0,0,0,0,0,0,0,0
497,Central SacramentoCounty,1,0,0,0,0,0,0,0,0,0
696,Central SacramentoCounty,1,0,0,0,0,0,0,0,0,0
921,Central SacramentoCounty,1,0,0,0,0,0,0,0,0,0
920,Central SacramentoCounty,1,0,0,0,0,0,0,0,0,0
680,Central SacramentoCounty,1,0,0,0,0,0,0,0,0,0
558,Central SacramentoCounty,1,0,0,0,0,0,0,0,0,0
683,Central SacramentoCounty,1,0,0,0,0,0,0,0,0,0
675,Central SacramentoCounty,1,0,0,0,0,0,0,0,0,0
498,Central SacramentoCounty,1,0,0,0,0,0,0,0,0,0
897,Central SacramentoCounty,1,0,0,0,0,0,0,0,0,0
923,Central SacramentoCounty,1,0,0,0,0,0,0,0,0,0
499,Central SacramentoCounty,1,0,0,0,0,0,0,0,0,0
697,Central SacramentoCounty,1,0,0,0,0,0,0,0,0,0
501,Central SacramentoCounty,1,0,0,0,0,0,0,0,0,0
674,Central SacramentoCounty,1,0,0,0,0,0,0,0,0,0
685,Central SacramentoCounty,1,0,0,0,0,0,0,0,0,0
556,Central SacramentoCounty,1,0,0,0,0,0,0,0,0,0
606,Central SacramentoCounty,1,0,0,0,0,0,0,0,0,0
1203,Central SacramentoCounty,1,0,0,0,0,0,0,0,0,0
608,Central SacramentoCounty,1,0,0,0,0,0,0,0,0,0
607,Central SacramentoCounty,1,0,0,0,0,0,0,0,0,0
1202,Central SacramentoCounty,1,0,0,0,0,0,0,0,0,0
1516,Central SacramentoCounty,1,0,0,0,0,0,0,0,0,0
609,Central SacramentoCounty,1,0,0,0,0,0,0,0,0,0
1184,Central SacramentoCounty,1,0,0,0,0,0,0,0,0,0
509,Central SacramentoCounty,1,0,0,0,0,0,0,0,0,0
1185,Central SacramentoCounty,1,0,0,0,0,0,0,0,0,0
510,Central SacramentoCounty,1,0,0,0,0,0,0,0,0,0
504,Central SacramentoCounty,1,0,0,0,0,0,0,0,0,0
502,Central SacramentoCounty,1,0,0,0,0,0,0,0,0,0
898,Central SacramentoCounty,1,0,0,0,0,0,0,0,0,0
701,Central SacramentoCounty,1,0,0,0,0,0,0,0,0,0
700,Central SacramentoCounty,1,0,0,0,0,0,0,0,0,0
702,Central SacramentoCounty,1,0,0,0,0,0,0,0,0,0
686,Central SacramentoCounty,1,0,0,0,0,0,0,0,0,0
693,Central SacramentoCounty,1,0,0,0,0,0,0,0,0,0
692,Central SacramentoCounty,1,0,0,0,0,0,0,0,0,0
691,Central SacramentoCounty,1,0,0,0,0,0,0,0,0,0
687,Central SacramentoCounty,1,0,0,0,0,0,0,0,0,0
681,Central SacramentoCounty,1,0,0,0,0,0,0,0,0,0
924,Central SacramentoCounty,1,0,0,0,0,0,0,0,0,0
1160,Central SacramentoCounty,1,0,0,0,0,0,0,0,0,0
922,Central SacramentoCounty,1,0,0,0,0,0,0,0,0,0
630,Central SacramentoCounty,1,0,0,0,0,0,0,0,0,0
503,Central SacramentoCounty,1,0,0,0,0,0,0,0,0,0
688,Central SacramentoCounty,1,0,0,0,0,0,0,0,0,0
704,Central SacramentoCounty,1,0,0,0,0,0,0,0,0,0
629,Central SacramentoCounty,1,0,0,0,0,0,0,0,0,0
628,Central SacramentoCounty,1,0,0,0,0,0,0,0,0,0
1129,Central SacramentoCounty,1,0,0,0,0,0,0,0,0,0
703,Central SacramentoCounty,1,0,0,0,0,0,0,0,0,0
623,Central SacramentoCounty,1,0,0,0,0,0,0,0,0,0
621,Central SacramentoCounty,1,0,0,0,0,0,0,0,0,0
620,Central SacramentoCounty,1,0,0,0,0,0,0,0,0,0
925,Central SacramentoCounty,1,0,0,0,0,0,0,0,0,0
695,Central SacramentoCounty,1,0,0,0,0,0,0,0,0,0
694,Central SacramentoCounty,1,0,0,0,0,0,0,0,0,0
1132,Central SacramentoCounty,1,0,0,0,0,0,0,0,0,0
1205,Central SacramentoCounty,1,0,0,0,0,0,0,0,0,0
619,Central SacramentoCounty,1,0,0,0,0,0,0,0,0,0
622,Central SacramentoCounty,1,0,0,0,0,0,0,0,0,0
750,Central SacramentoCounty,1,0,0,0,0,0,0,0,0,0
914,Central SacramentoCounty,1,0,0,0,0,0,0,0,0,0
751,Central SacramentoCounty,1,0,0,0,0,0,0,0,0,0
927,Central SacramentoCounty,1,0,0,0,0,0,0,0,0,0
716,Central SacramentoCounty,1,0,0,0,0,0,0,0,0,0
715,Central SacramentoCounty,1,0,0,0,0,0,0,0,0,0
1159,Central SacramentoCounty,1,0,0,0,0,0,0,0,0,0
1131,Central SacramentoCounty,1,0,0,0,0,0,0,0,0,0
749,Central SacramentoCounty,1,0,0,0,0,0,0,0,0,0
928,Central SacramentoCounty,1,0,0,0,0,0,0,0,0,0
926,Central SacramentoCounty,1,0,0,0,0,0,0,0,0,0
627,Central SacramentoCounty,1,0,0,0,0,0,0,0,0,0
1127,Central SacramentoCounty,1,0,0,0,0,0,0,0,0,0
1125,Central SacramentoCounty,1,0,0,0,0,0,0,0,0,0
752,Central SacramentoCounty,1,0,0,0,0,0,0,0,0,0
1128,Central SacramentoCounty,1,0,0,0,0,0,0,0,0,0
719,Central SacramentoCounty,1,0,0,0,0,0,0,0,0,0
753,Central SacramentoCounty,1,0,0,0,0,0,0,0,0,0
720,Central SacramentoCounty,1,0,0,0,0,0,0,0,0,0
717,Central SacramentoCounty,1,0,0,0,0,0,0,0,0,0
1134,Central SacramentoCounty,1,0,0,0,0,0,0,0,0,0
718,Central SacramentoCounty,1,0,0,0,0,0,0,0,0,0
866,El Dorado,0,1,0,0,0,0,0,0,0,0
865,El Dorado,0,1,0,0,0,0,0,0,0,0
1019,El Dorado,0,1,0,0,0,0,0,0,0,0
861,El Dorado,0,1,0,0,0,0,0,0,0,0
1018,El Dorado,0,1,0,0,0,0,0,0,0,0
864,El Dorado,0,1,0,0,0,0,0,0,0,0
999,El Dorado,0,1,0,0,0,0,0,0,0,0
1020,El Dorado,0,1,0,0,0,0,0,0,0,0
216,El Dorado,0,1,0,0,0,0,0,0,0,0
847,El Dorado,0,1,0,0,0,0,0,0,0,0
1021,El Dorado,0,1,0,0,0,0,0,0,0,0
1017,El Dorado,0,1,0,0,0,0,0,0,0,0
998,El Dorado,0,1,0,0,0,0,0,0,0,0
1016,El Dorado,0,1,0,0,0,0,0,0,0,0
1015,El Dorado,0,1,0,0,0,0,0,0,0,0
997,El Dorado,0,1,0,0,0,0,0,0,0,0
869,El Dorado,0,1,0,0,0,0,0,0,0,0
219,El Dorado,0,1,0,0,0,0,0,0,0,0
868,El Dorado,0,1,0,0,0,0,0,0,0,0
1054,El Dorado,0,1,0,0,0,0,0,0,0,0
1003,El Dorado,0,1,0,0,0,0,0,0,0,0
1051,El Dorado,0,1,0,0,0,0,0,0,0,0
220,El Dorado,0,1,0,0,0,0,0,0,0,0
1006,El Dorado,0,1,0,0,0,0,0,0,0,0
867,El Dorado,0,1,0,0,0,0,0,0,0,0
1008,El Dorado,0,1,0,0,0,0,0,0,0,0
1000,El Dorado,0,1,0,0,0,0,0,0,0,0
1053,El Dorado,0,1,0,0,0,0,0,0,0,0
217,El Dorado,0,1,0,0,0,0,0,0,0,0
1050,El Dorado,0,1,0,0,0,0,0,0,0,0
854,El Dorado,0,1,0,0,0,0,0,0,0,0
1046,El Dorado,0,1,0,0,0,0,0,0,0,0
1010,El Dorado,0,1,0,0,0,0,0,0,0,0
1004,El Dorado,0,1,0,0,0,0,0,0,0,0
218,El Dorado,0,1,0,0,0,0,0,0,0,0
1002,El Dorado,0,1,0,0,0,0,0,0,0,0
1052,El Dorado,0,1,0,0,0,0,0,0,0,0
221,El Dorado,0,1,0,0,0,0,0,0,0,0
856,El Dorado,0,1,0,0,0,0,0,0,0,0
223,El Dorado,0,1,0,0,0,0,0,0,0,0
1007,El Dorado,0,1,0,0,0,0,0,0,0,0
1047,El Dorado,0,1,0,0,0,0,0,0,0,0
1001,El Dorado,0,1,0,0,0,0,0,0,0,0
1005,El Dorado,0,1,0,0,0,0,0,0,0,0
1049,El Dorado,0,1,0,0,0,0,0,0,0,0
1032,El Dorado,0,1,0,0,0,0,0,0,0,0
1031,El Dorado,0,1,0,0,0,0,0,0,0,0
858,El Dorado,0,1,0,0,0,0,0,0,0,0
855,El Dorado,0,1,0,0,0,0,0,0,0,0
857,El Dorado,0,1,0,0,0,0,0,0,0,0
1009,El Dorado,0,1,0,0,0,0,0,0,0,0
1033,El Dorado,0,1,0,0,0,0,0,0,0,0
1045,El Dorado,0,1,0,0,0,0,0,0,0,0
222,El Dorado,0,1,0,0,0,0,0,0,0,0
1048,El Dorado,0,1,0,0,0,0,0,0,0,0
1029,El Dorado,0,1,0,0,0,0,0,0,0,0
224,El Dorado,0,1,0,0,0,0,0,0,0,0
1102,El Dorado,0,1,0,0,0,0,0,0,0,0
1030,El Dorado,0,1,0,0,0,0,0,0,0,0
860,El Dorado,0,1,0,0,0,0,0,0,0,0
1027,El Dorado,0,1,0,0,0,0,0,0,0,0
1023,El Dorado,0,1,0,0,0,0,0,0,0,0
859,El Dorado,0,1,0,0,0,0,0,0,0,0
1103,El Dorado,0,1,0,0,0,0,0,0,0,0
1022,El Dorado,0,1,0,0,0,0,0,0,0,0
1035,El Dorado,0,1,0,0,0,0,0,0,0,0
848,El Dorado,0,1,0,0,0,0,0,0,0,0
1034,El Dorado,0,1,0,0,0,0,0,0,0,0
1139,El Dorado,0,1,0,0,0,0,0,0,0,0
1100,El Dorado,0,1,0,0,0,0,0,0,0,0
1026,El Dorado,0,1,0,0,0,0,0,0,0,0
1506,El Dorado,0,1,0,0,0,0,0,0,0,0
1507,El Dorado,0,1,0,0,0,0,0,0,0,0
1011,El Dorado,0,1,0,0,0,0,0,0,0,0
1028,El Dorado,0,1,0,0,0,0,0,0,0,0
1013,El Dorado,0,1,0,0,0,0,0,0,0,0
1501,El Dorado,0,1,0,0,0,0,0,0,0,0
850,El Dorado,0,1,0,0,0,0,0,0,0,0
225,El Dorado,0,1,0,0,0,0,0,0,0,0
851,El Dorado,0,1,0,0,0,0,0,0,0,0
1095,El Dorado,0,1,0,0,0,0,0,0,0,0
1014,El Dorado,0,1,0,0,0,0,0,0,0,0
1012,El Dorado,0,1,0,0,0,0,0,0,0,0
1094,El Dorado,0,1,0,0,0,0,0,0,0,0
1505,El Dorado,0,1,0,0,0,0,0,0,0,0
1099,El Dorado,0,1,0,0,0,0,0,0,0,0
853,El Dorado,0,1,0,0,0,0,0,0,0,0
1093,El Dorado,0,1,0,0,0,0,0,0,0,0
870,El Dorado,0,1,0,0,0,0,0,0,0,0
852,El Dorado,0,1,0,0,0,0,0,0,0,0
1044,El Dorado,0,1,0,0,0,0,0,0,0,0
1504,El Dorado,0,1,0,0,0,0,0,0,0,0
1502,El Dorado,0,1,0,0,0,0,0,0,0,0
1101,El Dorado,0,1,0,0,0,0,0,0,0,0
849,El Dorado,0,1,0,0,0,0,0,0,0,0
1025,El Dorado,0,1,0,0,0,0,0,0,0,0
875,El Dorado,0,1,0,0,0,0,0,0,0,0
1096,El Dorado,0,1,0,0,0,0,0,0,0,0
1097,El Dorado,0,1,0,0,0,0,0,0,0,0
1500,El Dorado,0,1,0,0,0,0,0,0,0,0
1503,El Dorado,0,1,0,0,0,0,0,0,0,0
1098,El Dorado,0,1,0,0,0,0,0,0,0,0
1498,El Dorado,0,1,0,0,0,0,0,0,0,0
1499,El Dorado,0,1,0,0,0,0,0,0,0,0
872,El Dorado,0,1,0,0,0,0,0,0,0,0
1150,El Dorado,0,1,0,0,0,0,0,0,0,0
1024,El Dorado,0,1,0,0,0,0,0,0,0,0
871,El Dorado,0,1,0,0,0,0,0,0,0,0
874,El Dorado,0,1,0,0,0,0,0,0,0,0
873,El Dorado,0,1,0,0,0,0,0,0,0,0
427,NE SacramentoCounty,0,0,1,0,0,0,0,0,0,0
428,NE SacramentoCounty,0,0,1,0,0,0,0,0,0,0
426,NE SacramentoCounty,0,0,1,0,0,0,0,0,0,0
424,NE SacramentoCounty,0,0,1,0,0,0,0,0,0,0
460,NE SacramentoCounty,0,0,1,0,0,0,0,0,0,0
456,NE SacramentoCounty,0,0,1,0,0,0,0,0,0,0
457,NE SacramentoCounty,0,0,1,0,0,0,0,0,0,0
425,NE SacramentoCounty,0,0,1,0,0,0,0,0,0,0
1473,NE SacramentoCounty,0,0,1,0,0,0,0,0,0,0
531,NE SacramentoCounty,0,0,1,0,0,0,0,0,0,0
528,NE SacramentoCounty,0,0,1,0,0,0,0,0,0,0
863,NE SacramentoCounty,0,0,1,0,0,0,0,0,0,0
431,NE SacramentoCounty,0,0,1,0,0,0,0,0,0,0
429,NE SacramentoCounty,0,0,1,0,0,0,0,0,0,0
435,NE SacramentoCounty,0,0,1,0,0,0,0,0,0,0
443,NE SacramentoCounty,0,0,1,0,0,0,0,0,0,0
450,NE SacramentoCounty,0,0,1,0,0,0,0,0,0,0
451,NE SacramentoCounty,0,0,1,0,0,0,0,0,0,0
891,NE SacramentoCounty,0,0,1,0,0,0,0,0,0,0
449,NE SacramentoCounty,0,0,1,0,0,0,0,0,0,0
530,NE SacramentoCounty,0,0,1,0,0,0,0,0,0,0
432,NE SacramentoCounty,0,0,1,0,0,0,0,0,0,0
536,NE SacramentoCounty,0,0,1,0,0,0,0,0,0,0
452,NE SacramentoCounty,0,0,1,0,0,0,0,0,0,0
441,NE SacramentoCounty,0,0,1,0,0,0,0,0,0,0
433,NE SacramentoCounty,0,0,1,0,0,0,0,0,0,0
459,NE SacramentoCounty,0,0,1,0,0,0,0,0,0,0
455,NE SacramentoCounty,0,0,1,0,0,0,0,0,0,0
458,NE SacramentoCounty,0,0,1,0,0,0,0,0,0,0
1041,NE SacramentoCounty,0,0,1,0,0,0,0,0,0,0
444,NE SacramentoCounty,0,0,1,0,0,0,0,0,0,0
529,NE SacramentoCounty,0,0,1,0,0,0,0,0,0,0
440,NE SacramentoCounty,0,0,1,0,0,0,0,0,0,0
1113,NE SacramentoCounty,0,0,1,0,0,0,0,0,0,0
453,NE SacramentoCounty,0,0,1,0,0,0,0,0,0,0
454,NE SacramentoCounty,0,0,1,0,0,0,0,0,0,0
535,NE SacramentoCounty,0,0,1,0,0,0,0,0,0,0
1111,NE SacramentoCounty,0,0,1,0,0,0,0,0,0,0
534,NE SacramentoCounty,0,0,1,0,0,0,0,0,0,0
434,NE SacramentoCounty,0,0,1,0,0,0,0,0,0,0
892,NE SacramentoCounty,0,0,1,0,0,0,0,0,0,0
959,NE SacramentoCounty,0,0,1,0,0,0,0,0,0,0
533,NE SacramentoCounty,0,0,1,0,0,0,0,0,0,0
461,NE SacramentoCounty,0,0,1,0,0,0,0,0,0,0
462,NE SacramentoCounty,0,0,1,0,0,0,0,0,0,0
447,NE SacramentoCounty,0,0,1,0,0,0,0,0,0,0
465,NE SacramentoCounty,0,0,1,0,0,0,0,0,0,0
436,NE SacramentoCounty,0,0,1,0,0,0,0,0,0,0
463,NE SacramentoCounty,0,0,1,0,0,0,0,0,0,0
446,NE SacramentoCounty,0,0,1,0,0,0,0,0,0,0
890,NE SacramentoCounty,0,0,1,0,0,0,0,0,0,0
889,NE SacramentoCounty,0,0,1,0,0,0,0,0,0,0
445,NE SacramentoCounty,0,0,1,0,0,0,0,0,0,0
448,NE SacramentoCounty,0,0,1,0,0,0,0,0,0,0
439,NE SacramentoCounty,0,0,1,0,0,0,0,0,0,0
1493,NE SacramentoCounty,0,0,1,0,0,0,0,0,0,0
538,NE SacramentoCounty,0,0,1,0,0,0,0,0,0,0
1494,NE SacramentoCounty,0,0,1,0,0,0,0,0,0,0
1112,NE SacramentoCounty,0,0,1,0,0,0,0,0,0,0
537,NE SacramentoCounty,0,0,1,0,0,0,0,0,0,0
1492,NE SacramentoCounty,0,0,1,0,0,0,0,0,0,0
438,NE SacramentoCounty,0,0,1,0,0,0,0,0,0,0
540,NE SacramentoCounty,0,0,1,0,0,0,0,0,0,0
442,NE SacramentoCounty,0,0,1,0,0,0,0,0,0,0
464,NE SacramentoCounty,0,0,1,0,0,0,0,0,0,0
1519,NE SacramentoCounty,0,0,1,0,0,0,0,0,0,0
1508,NE SacramentoCounty,0,0,1,0,0,0,0,0,0,0
546,NE SacramentoCounty,0,0,1,0,0,0,0,0,0,0
437,NE SacramentoCounty,0,0,1,0,0,0,0,0,0,0
1118,NE SacramentoCounty,0,0,1,0,0,0,0,0,0,0
411,NE SacramentoCounty,0,0,1,0,0,0,0,0,0,0
1114,NE SacramentoCounty,0,0,1,0,0,0,0,0,0,0
418,NE SacramentoCounty,0,0,1,0,0,0,0,0,0,0
409,NE SacramentoCounty,0,0,1,0,0,0,0,0,0,0
410,NE SacramentoCounty,0,0,1,0,0,0,0,0,0,0
414,NE SacramentoCounty,0,0,1,0,0,0,0,0,0,0
419,NE SacramentoCounty,0,0,1,0,0,0,0,0,0,0
407,NE SacramentoCounty,0,0,1,0,0,0,0,0,0,0
404,NE SacramentoCounty,0,0,1,0,0,0,0,0,0,0
1115,NE SacramentoCounty,0,0,1,0,0,0,0,0,0,0
1496,NE SacramentoCounty,0,0,1,0,0,0,0,0,0,0
1495,NE SacramentoCounty,0,0,1,0,0,0,0,0,0,0
391,NE SacramentoCounty,0,0,1,0,0,0,0,0,0,0
545,NE SacramentoCounty,0,0,1,0,0,0,0,0,0,0
412,NE SacramentoCounty,0,0,1,0,0,0,0,0,0,0
405,NE SacramentoCounty,0,0,1,0,0,0,0,0,0,0
406,NE SacramentoCounty,0,0,1,0,0,0,0,0,0,0
1491,NE SacramentoCounty,0,0,1,0,0,0,0,0,0,0
1117,NE SacramentoCounty,0,0,1,0,0,0,0,0,0,0
544,NE SacramentoCounty,0,0,1,0,0,0,0,0,0,0
408,NE SacramentoCounty,0,0,1,0,0,0,0,0,0,0
417,NE SacramentoCounty,0,0,1,0,0,0,0,0,0,0
416,NE SacramentoCounty,0,0,1,0,0,0,0,0,0,0
415,NE SacramentoCounty,0,0,1,0,0,0,0,0,0,0
420,NE SacramentoCounty,0,0,1,0,0,0,0,0,0,0
1116,NE SacramentoCounty,0,0,1,0,0,0,0,0,0,0
541,NE SacramentoCounty,0,0,1,0,0,0,0,0,0,0
1497,NE SacramentoCounty,0,0,1,0,0,0,0,0,0,0
403,NE SacramentoCounty,0,0,1,0,0,0,0,0,0,0
402,NE SacramentoCounty,0,0,1,0,0,0,0,0,0,0
388,NE SacramentoCounty,0,0,1,0,0,0,0,0,0,0
413,NE SacramentoCounty,0,0,1,0,0,0,0,0,0,0
421,NE SacramentoCounty,0,0,1,0,0,0,0,0,0,0
542,NE SacramentoCounty,0,0,1,0,0,0,0,0,0,0
543,NE SacramentoCounty,0,0,1,0,0,0,0,0,0,0
1525,NE SacramentoCounty,0,0,1,0,0,0,0,0,0,0
1238,NE SacramentoCounty,0,0,1,0,0,0,0,0,0,0
1235,NE SacramentoCounty,0,0,1,0,0,0,0,0,0,0
560,NE SacramentoCounty,0,0,1,0,0,0,0,0,0,0
422,NE SacramentoCounty,0,0,1,0,0,0,0,0,0,0
389,NE SacramentoCounty,0,0,1,0,0,0,0,0,0,0
888,NE SacramentoCounty,0,0,1,0,0,0,0,0,0,0
562,NE SacramentoCounty,0,0,1,0,0,0,0,0,0,0
1233,NE SacramentoCounty,0,0,1,0,0,0,0,0,0,0
1232,NE SacramentoCounty,0,0,1,0,0,0,0,0,0,0
1154,NE SacramentoCounty,0,0,1,0,0,0,0,0,0,0
397,NE SacramentoCounty,0,0,1,0,0,0,0,0,0,0
423,NE SacramentoCounty,0,0,1,0,0,0,0,0,0,0
398,NE SacramentoCounty,0,0,1,0,0,0,0,0,0,0
1236,NE SacramentoCounty,0,0,1,0,0,0,0,0,0,0
573,NE SacramentoCounty,0,0,1,0,0,0,0,0,0,0
390,NE SacramentoCounty,0,0,1,0,0,0,0,0,0,0
559,NE SacramentoCounty,0,0,1,0,0,0,0,0,0,0
571,NE SacramentoCounty,0,0,1,0,0,0,0,0,0,0
396,NE SacramentoCounty,0,0,1,0,0,0,0,0,0,0
1521,NE SacramentoCounty,0,0,1,0,0,0,0,0,0,0
401,NE SacramentoCounty,0,0,1,0,0,0,0,0,0,0
1043,NE SacramentoCounty,0,0,1,0,0,0,0,0,0,0
394,NE SacramentoCounty,0,0,1,0,0,0,0,0,0,0
561,NE SacramentoCounty,0,0,1,0,0,0,0,0,0,0
1155,NE SacramentoCounty,0,0,1,0,0,0,0,0,0,0
399,NE SacramentoCounty,0,0,1,0,0,0,0,0,0,0
575,NE SacramentoCounty,0,0,1,0,0,0,0,0,0,0
1230,NE SacramentoCounty,0,0,1,0,0,0,0,0,0,0
576,NE SacramentoCounty,0,0,1,0,0,0,0,0,0,0
395,NE SacramentoCounty,0,0,1,0,0,0,0,0,0,0
400,NE SacramentoCounty,0,0,1,0,0,0,0,0,0,0
899,NE SacramentoCounty,0,0,1,0,0,0,0,0,0,0
900,NE SacramentoCounty,0,0,1,0,0,0,0,0,0,0
1231,NE SacramentoCounty,0,0,1,0,0,0,0,0,0,0
392,NE SacramentoCounty,0,0,1,0,0,0,0,0,0,0
572,NE SacramentoCounty,0,0,1,0,0,0,0,0,0,0
574,NE SacramentoCounty,0,0,1,0,0,0,0,0,0,0
393,NE SacramentoCounty,0,0,1,0,0,0,0,0,0,0
903,NE SacramentoCounty,0,0,1,0,0,0,0,0,0,0
567,NE SacramentoCounty,0,0,1,0,0,0,0,0,0,0
569,NE SacramentoCounty,0,0,1,0,0,0,0,0,0,0
1520,NE SacramentoCounty,0,0,1,0,0,0,0,0,0,0
584,NE SacramentoCounty,0,0,1,0,0,0,0,0,0,0
902,NE SacramentoCounty,0,0,1,0,0,0,0,0,0,0
1229,NE SacramentoCounty,0,0,1,0,0,0,0,0,0,0
1138,NE SacramentoCounty,0,0,1,0,0,0,0,0,0,0
577,NE SacramentoCounty,0,0,1,0,0,0,0,0,0,0
1223,NE SacramentoCounty,0,0,1,0,0,0,0,0,0,0
568,NE SacramentoCounty,0,0,1,0,0,0,0,0,0,0
1156,NE SacramentoCounty,0,0,1,0,0,0,0,0,0,0
1522,NE SacramentoCounty,0,0,1,0,0,0,0,0,0,0
901,NE SacramentoCounty,0,0,1,0,0,0,0,0,0,0
563,NE SacramentoCounty,0,0,1,0,0,0,0,0,0,0
1123,NE SacramentoCounty,0,0,1,0,0,0,0,0,0,0
1124,NE SacramentoCounty,0,0,1,0,0,0,0,0,0,0
1122,NE SacramentoCounty,0,0,1,0,0,0,0,0,0,0
570,NE SacramentoCounty,0,0,1,0,0,0,0,0,0,0
1228,NE SacramentoCounty,0,0,1,0,0,0,0,0,0,0
585,NE SacramentoCounty,0,0,1,0,0,0,0,0,0,0
583,NE SacramentoCounty,0,0,1,0,0,0,0,0,0,0
1226,NE SacramentoCounty,0,0,1,0,0,0,0,0,0,0
578,NE SacramentoCounty,0,0,1,0,0,0,0,0,0,0
1227,NE SacramentoCounty,0,0,1,0,0,0,0,0,0,0
582,NE SacramentoCounty,0,0,1,0,0,0,0,0,0,0
1224,NE SacramentoCounty,0,0,1,0,0,0,0,0,0,0
591,NE SacramentoCounty,0,0,1,0,0,0,0,0,0,0
590,NE SacramentoCounty,0,0,1,0,0,0,0,0,0,0
579,NE SacramentoCounty,0,0,1,0,0,0,0,0,0,0
1225,NE SacramentoCounty,0,0,1,0,0,0,0,0,0,0
581,NE SacramentoCounty,0,0,1,0,0,0,0,0,0,0
565,NE SacramentoCounty,0,0,1,0,0,0,0,0,0,0
906,NE SacramentoCounty,0,0,1,0,0,0,0,0,0,0
904,NE SacramentoCounty,0,0,1,0,0,0,0,0,0,0
905,NE SacramentoCounty,0,0,1,0,0,0,0,0,0,0
566,NE SacramentoCounty,0,0,1,0,0,0,0,0,0,0
594,NE SacramentoCounty,0,0,1,0,0,0,0,0,0,0
589,NE SacramentoCounty,0,0,1,0,0,0,0,0,0,0
907,NE SacramentoCounty,0,0,1,0,0,0,0,0,0,0
1214,NE SacramentoCounty,0,0,1,0,0,0,0,0,0,0
592,NE SacramentoCounty,0,0,1,0,0,0,0,0,0,0
1221,NE SacramentoCounty,0,0,1,0,0,0,0,0,0,0
1119,NE SacramentoCounty,0,0,1,0,0,0,0,0,0,0
564,NE SacramentoCounty,0,0,1,0,0,0,0,0,0,0
580,NE SacramentoCounty,0,0,1,0,0,0,0,0,0,0
593,NE SacramentoCounty,0,0,1,0,0,0,0,0,0,0
595,NE SacramentoCounty,0,0,1,0,0,0,0,0,0,0
1509,NE SacramentoCounty,0,0,1,0,0,0,0,0,0,0
1121,NE SacramentoCounty,0,0,1,0,0,0,0,0,0,0
1217,NE SacramentoCounty,0,0,1,0,0,0,0,0,0,0
597,NE SacramentoCounty,0,0,1,0,0,0,0,0,0,0
596,NE SacramentoCounty,0,0,1,0,0,0,0,0,0,0
1212,NE SacramentoCounty,0,0,1,0,0,0,0,0,0,0
1120,NE SacramentoCounty,0,0,1,0,0,0,0,0,0,0
1213,NE SacramentoCounty,0,0,1,0,0,0,0,0,0,0
1220,NE SacramentoCounty,0,0,1,0,0,0,0,0,0,0
598,NE SacramentoCounty,0,0,1,0,0,0,0,0,0,0
1210,NE SacramentoCounty,0,0,1,0,0,0,0,0,0,0
1218,NE SacramentoCounty,0,0,1,0,0,0,0,0,0,0
1209,NE SacramentoCounty,0,0,1,0,0,0,0,0,0,0
588,NE SacramentoCounty,0,0,1,0,0,0,0,0,0,0
602,NE SacramentoCounty,0,0,1,0,0,0,0,0,0,0
599,NE SacramentoCounty,0,0,1,0,0,0,0,0,0,0
1219,NE SacramentoCounty,0,0,1,0,0,0,0,0,0,0
551,NE SacramentoCounty,0,0,1,0,0,0,0,0,0,0
532,NE SacramentoCounty,0,0,1,0,0,0,0,0,0,0
539,NE SacramentoCounty,0,0,1,0,0,0,0,0,0,0
283,NW SacramentoCounty,0,0,0,1,0,0,0,0,0,0
282,NW SacramentoCounty,0,0,0,1,0,0,0,0,0,0
281,NW SacramentoCounty,0,0,0,1,0,0,0,0,0,0
294,NW SacramentoCounty,0,0,0,1,0,0,0,0,0,0
1409,NW SacramentoCounty,0,0,0,1,0,0,0,0,0,0
292,NW SacramentoCounty,0,0,0,1,0,0,0,0,0,0
293,NW SacramentoCounty,0,0,0,1,0,0,0,0,0,0
1414,NW SacramentoCounty,0,0,0,1,0,0,0,0,0,0
323,NW SacramentoCounty,0,0,0,1,0,0,0,0,0,0
1412,NW SacramentoCounty,0,0,0,1,0,0,0,0,0,0
1429,NW SacramentoCounty,0,0,0,1,0,0,0,0,0,0
1430,NW SacramentoCounty,0,0,0,1,0,0,0,0,0,0
1108,NW SacramentoCounty,0,0,0,1,0,0,0,0,0,0
1107,NW SacramentoCounty,0,0,0,1,0,0,0,0,0,0
1411,NW SacramentoCounty,0,0,0,1,0,0,0,0,0,0
324,NW SacramentoCounty,0,0,0,1,0,0,0,0,0,0
322,NW SacramentoCounty,0,0,0,1,0,0,0,0,0,0
1408,NW SacramentoCounty,0,0,0,1,0,0,0,0,0,0
1410,NW SacramentoCounty,0,0,0,1,0,0,0,0,0,0
284,NW SacramentoCounty,0,0,0,1,0,0,0,0,0,0
1404,NW SacramentoCounty,0,0,0,1,0,0,0,0,0,0
1406,NW SacramentoCounty,0,0,0,1,0,0,0,0,0,0
1405,NW SacramentoCounty,0,0,0,1,0,0,0,0,0,0
285,NW SacramentoCounty,0,0,0,1,0,0,0,0,0,0
291,NW SacramentoCounty,0,0,0,1,0,0,0,0,0,0
430,NW SacramentoCounty,0,0,0,1,0,0,0,0,0,0
307,NW SacramentoCounty,0,0,0,1,0,0,0,0,0,0
308,NW SacramentoCounty,0,0,0,1,0,0,0,0,0,0
1413,NW SacramentoCounty,0,0,0,1,0,0,0,0,0,0
320,NW SacramentoCounty,0,0,0,1,0,0,0,0,0,0
321,NW SacramentoCounty,0,0,0,1,0,0,0,0,0,0
325,NW SacramentoCounty,0,0,0,1,0,0,0,0,0,0
328,NW SacramentoCounty,0,0,0,1,0,0,0,0,0,0
1407,NW SacramentoCounty,0,0,0,1,0,0,0,0,0,0
1403,NW SacramentoCounty,0,0,0,1,0,0,0,0,0,0
279,NW SacramentoCounty,0,0,0,1,0,0,0,0,0,0
309,NW SacramentoCounty,0,0,0,1,0,0,0,0,0,0
280,NW SacramentoCounty,0,0,0,1,0,0,0,0,0,0
306,NW SacramentoCounty,0,0,0,1,0,0,0,0,0,0
301,NW SacramentoCounty,0,0,0,1,0,0,0,0,0,0
302,NW SacramentoCounty,0,0,0,1,0,0,0,0,0,0
296,NW SacramentoCounty,0,0,0,1,0,0,0,0,0,0
297,NW SacramentoCounty,0,0,0,1,0,0,0,0,0,0
295,NW SacramentoCounty,0,0,0,1,0,0,0,0,0,0
326,NW SacramentoCounty,0,0,0,1,0,0,0,0,0,0
315,NW SacramentoCounty,0,0,0,1,0,0,0,0,0,0
327,NW SacramentoCounty,0,0,0,1,0,0,0,0,0,0
305,NW SacramentoCounty,0,0,0,1,0,0,0,0,0,0
298,NW SacramentoCounty,0,0,0,1,0,0,0,0,0,0
316,NW SacramentoCounty,0,0,0,1,0,0,0,0,0,0
317,NW SacramentoCounty,0,0,0,1,0,0,0,0,0,0
313,NW SacramentoCounty,0,0,0,1,0,0,0,0,0,0
278,NW SacramentoCounty,0,0,0,1,0,0,0,0,0,0
304,NW SacramentoCounty,0,0,0,1,0,0,0,0,0,0
1402,NW SacramentoCounty,0,0,0,1,0,0,0,0,0,0
1401,NW SacramentoCounty,0,0,0,1,0,0,0,0,0,0
277,NW SacramentoCounty,0,0,0,1,0,0,0,0,0,0
1400,NW SacramentoCounty,0,0,0,1,0,0,0,0,0,0
275,NW SacramentoCounty,0,0,0,1,0,0,0,0,0,0
276,NW SacramentoCounty,0,0,0,1,0,0,0,0,0,0
300,NW SacramentoCounty,0,0,0,1,0,0,0,0,0,0
303,NW SacramentoCounty,0,0,0,1,0,0,0,0,0,0
299,NW SacramentoCounty,0,0,0,1,0,0,0,0,0,0
387,NW SacramentoCounty,0,0,0,1,0,0,0,0,0,0
318,NW SacramentoCounty,0,0,0,1,0,0,0,0,0,0
319,NW SacramentoCounty,0,0,0,1,0,0,0,0,0,0
333,NW SacramentoCounty,0,0,0,1,0,0,0,0,0,0
287,NW SacramentoCounty,0,0,0,1,0,0,0,0,0,0
286,NW SacramentoCounty,0,0,0,1,0,0,0,0,0,0
1513,NW SacramentoCounty,0,0,0,1,0,0,0,0,0,0
1234,NW SacramentoCounty,0,0,0,1,0,0,0,0,0,0
1399,NW SacramentoCounty,0,0,0,1,0,0,0,0,0,0
290,NW SacramentoCounty,0,0,0,1,0,0,0,0,0,0
288,NW SacramentoCounty,0,0,0,1,0,0,0,0,0,0
289,NW SacramentoCounty,0,0,0,1,0,0,0,0,0,0
272,NW SacramentoCounty,0,0,0,1,0,0,0,0,0,0
271,NW SacramentoCounty,0,0,0,1,0,0,0,0,0,0
312,NW SacramentoCounty,0,0,0,1,0,0,0,0,0,0
310,NW SacramentoCounty,0,0,0,1,0,0,0,0,0,0
311,NW SacramentoCounty,0,0,0,1,0,0,0,0,0,0
332,NW SacramentoCounty,0,0,0,1,0,0,0,0,0,0
386,NW SacramentoCounty,0,0,0,1,0,0,0,0,0,0
887,NW SacramentoCounty,0,0,0,1,0,0,0,0,0,0
1140,NW SacramentoCounty,0,0,0,1,0,0,0,0,0,0
273,NW SacramentoCounty,0,0,0,1,0,0,0,0,0,0
274,NW SacramentoCounty,0,0,0,1,0,0,0,0,0,0
331,NW SacramentoCounty,0,0,0,1,0,0,0,0,0,0
382,NW SacramentoCounty,0,0,0,1,0,0,0,0,0,0
886,NW SacramentoCounty,0,0,0,1,0,0,0,0,0,0
314,NW SacramentoCounty,0,0,0,1,0,0,0,0,0,0
232,NW SacramentoCounty,0,0,0,1,0,0,0,0,0,0
1433,NW SacramentoCounty,0,0,0,1,0,0,0,0,0,0
1320,NW SacramentoCounty,0,0,0,1,0,0,0,0,0,0
269,NW SacramentoCounty,0,0,0,1,0,0,0,0,0,0
259,NW SacramentoCounty,0,0,0,1,0,0,0,0,0,0
1321,NW SacramentoCounty,0,0,0,1,0,0,0,0,0,0
261,NW SacramentoCounty,0,0,0,1,0,0,0,0,0,0
1322,NW SacramentoCounty,0,0,0,1,0,0,0,0,0,0
260,NW SacramentoCounty,0,0,0,1,0,0,0,0,0,0
631,NW SacramentoCounty,0,0,0,1,0,0,0,0,0,0
237,NW SacramentoCounty,0,0,0,1,0,0,0,0,0,0
238,NW SacramentoCounty,0,0,0,1,0,0,0,0,0,0
230,NW SacramentoCounty,0,0,0,1,0,0,0,0,0,0
384,NW SacramentoCounty,0,0,0,1,0,0,0,0,0,0
383,NW SacramentoCounty,0,0,0,1,0,0,0,0,0,0
330,NW SacramentoCounty,0,0,0,1,0,0,0,0,0,0
385,NW SacramentoCounty,0,0,0,1,0,0,0,0,0,0
263,NW SacramentoCounty,0,0,0,1,0,0,0,0,0,0
1105,NW SacramentoCounty,0,0,0,1,0,0,0,0,0,0
1319,NW SacramentoCounty,0,0,0,1,0,0,0,0,0,0
367,NW SacramentoCounty,0,0,0,1,0,0,0,0,0,0
270,NW SacramentoCounty,0,0,0,1,0,0,0,0,0,0
1323,NW SacramentoCounty,0,0,0,1,0,0,0,0,0,0
231,NW SacramentoCounty,0,0,0,1,0,0,0,0,0,0
229,NW SacramentoCounty,0,0,0,1,0,0,0,0,0,0
329,NW SacramentoCounty,0,0,0,1,0,0,0,0,0,0
1104,NW SacramentoCounty,0,0,0,1,0,0,0,0,0,0
885,NW SacramentoCounty,0,0,0,1,0,0,0,0,0,0
236,NW SacramentoCounty,0,0,0,1,0,0,0,0,0,0
235,NW SacramentoCounty,0,0,0,1,0,0,0,0,0,0
248,NW SacramentoCounty,0,0,0,1,0,0,0,0,0,0
1518,NW SacramentoCounty,0,0,0,1,0,0,0,0,0,0
1318,NW SacramentoCounty,0,0,0,1,0,0,0,0,0,0
257,NW SacramentoCounty,0,0,0,1,0,0,0,0,0,0
262,NW SacramentoCounty,0,0,0,1,0,0,0,0,0,0
376,NW SacramentoCounty,0,0,0,1,0,0,0,0,0,0
1237,NW SacramentoCounty,0,0,0,1,0,0,0,0,0,0
1324,NW SacramentoCounty,0,0,0,1,0,0,0,0,0,0
368,NW SacramentoCounty,0,0,0,1,0,0,0,0,0,0
374,NW SacramentoCounty,0,0,0,1,0,0,0,0,0,0
1317,NW SacramentoCounty,0,0,0,1,0,0,0,0,0,0
1316,NW SacramentoCounty,0,0,0,1,0,0,0,0,0,0
258,NW SacramentoCounty,0,0,0,1,0,0,0,0,0,0
264,NW SacramentoCounty,0,0,0,1,0,0,0,0,0,0
233,NW SacramentoCounty,0,0,0,1,0,0,0,0,0,0
228,NW SacramentoCounty,0,0,0,1,0,0,0,0,0,0
226,NW SacramentoCounty,0,0,0,1,0,0,0,0,0,0
378,NW SacramentoCounty,0,0,0,1,0,0,0,0,0,0
876,NW SacramentoCounty,0,0,0,1,0,0,0,0,0,0
373,NW SacramentoCounty,0,0,0,1,0,0,0,0,0,0
369,NW SacramentoCounty,0,0,0,1,0,0,0,0,0,0
234,NW SacramentoCounty,0,0,0,1,0,0,0,0,0,0
255,NW SacramentoCounty,0,0,0,1,0,0,0,0,0,0
1106,NW SacramentoCounty,0,0,0,1,0,0,0,0,0,0
254,NW SacramentoCounty,0,0,0,1,0,0,0,0,0,0
265,NW SacramentoCounty,0,0,0,1,0,0,0,0,0,0
381,NW SacramentoCounty,0,0,0,1,0,0,0,0,0,0
375,NW SacramentoCounty,0,0,0,1,0,0,0,0,0,0
239,NW SacramentoCounty,0,0,0,1,0,0,0,0,0,0
380,NW SacramentoCounty,0,0,0,1,0,0,0,0,0,0
253,NW SacramentoCounty,0,0,0,1,0,0,0,0,0,0
227,NW SacramentoCounty,0,0,0,1,0,0,0,0,0,0
877,NW SacramentoCounty,0,0,0,1,0,0,0,0,0,0
256,NW SacramentoCounty,0,0,0,1,0,0,0,0,0,0
884,NW SacramentoCounty,0,0,0,1,0,0,0,0,0,0
266,NW SacramentoCounty,0,0,0,1,0,0,0,0,0,0
379,NW SacramentoCounty,0,0,0,1,0,0,0,0,0,0
377,NW SacramentoCounty,0,0,0,1,0,0,0,0,0,0
372,NW SacramentoCounty,0,0,0,1,0,0,0,0,0,0
371,NW SacramentoCounty,0,0,0,1,0,0,0,0,0,0
370,NW SacramentoCounty,0,0,0,1,0,0,0,0,0,0
247,NW SacramentoCounty,0,0,0,1,0,0,0,0,0,0
268,NW SacramentoCounty,0,0,0,1,0,0,0,0,0,0
267,NW SacramentoCounty,0,0,0,1,0,0,0,0,0,0
240,NW SacramentoCounty,0,0,0,1,0,0,0,0,0,0
251,NW SacramentoCounty,0,0,0,1,0,0,0,0,0,0
252,NW SacramentoCounty,0,0,0,1,0,0,0,0,0,0
1171,NW SacramentoCounty,0,0,0,1,0,0,0,0,0,0
249,NW SacramentoCounty,0,0,0,1,0,0,0,0,0,0
632,NW SacramentoCounty,0,0,0,1,0,0,0,0,0,0
343,NW SacramentoCounty,0,0,0,1,0,0,0,0,0,0
241,NW SacramentoCounty,0,0,0,1,0,0,0,0,0,0
344,NW SacramentoCounty,0,0,0,1,0,0,0,0,0,0
242,NW SacramentoCounty,0,0,0,1,0,0,0,0,0,0
246,NW SacramentoCounty,0,0,0,1,0,0,0,0,0,0
879,NW SacramentoCounty,0,0,0,1,0,0,0,0,0,0
347,NW SacramentoCounty,0,0,0,1,0,0,0,0,0,0
350,NW SacramentoCounty,0,0,0,1,0,0,0,0,0,0
351,NW SacramentoCounty,0,0,0,1,0,0,0,0,0,0
358,NW SacramentoCounty,0,0,0,1,0,0,0,0,0,0
356,NW SacramentoCounty,0,0,0,1,0,0,0,0,0,0
361,NW SacramentoCounty,0,0,0,1,0,0,0,0,0,0
1172,NW SacramentoCounty,0,0,0,1,0,0,0,0,0,0
250,NW SacramentoCounty,0,0,0,1,0,0,0,0,0,0
342,NW SacramentoCounty,0,0,0,1,0,0,0,0,0,0
243,NW SacramentoCounty,0,0,0,1,0,0,0,0,0,0
245,NW SacramentoCounty,0,0,0,1,0,0,0,0,0,0
357,NW SacramentoCounty,0,0,0,1,0,0,0,0,0,0
346,NW SacramentoCounty,0,0,0,1,0,0,0,0,0,0
352,NW SacramentoCounty,0,0,0,1,0,0,0,0,0,0
1109,NW SacramentoCounty,0,0,0,1,0,0,0,0,0,0
362,NW SacramentoCounty,0,0,0,1,0,0,0,0,0,0
1531,NW SacramentoCounty,0,0,0,1,0,0,0,0,0,0
338,NW SacramentoCounty,0,0,0,1,0,0,0,0,0,0
244,NW SacramentoCounty,0,0,0,1,0,0,0,0,0,0
880,NW SacramentoCounty,0,0,0,1,0,0,0,0,0,0
881,NW SacramentoCounty,0,0,0,1,0,0,0,0,0,0
1110,NW SacramentoCounty,0,0,0,1,0,0,0,0,0,0
339,NW SacramentoCounty,0,0,0,1,0,0,0,0,0,0
345,NW SacramentoCounty,0,0,0,1,0,0,0,0,0,0
355,NW SacramentoCounty,0,0,0,1,0,0,0,0,0,0
882,NW SacramentoCounty,0,0,0,1,0,0,0,0,0,0
360,NW SacramentoCounty,0,0,0,1,0,0,0,0,0,0
365,NW SacramentoCounty,0,0,0,1,0,0,0,0,0,0
883,NW SacramentoCounty,0,0,0,1,0,0,0,0,0,0
366,NW SacramentoCounty,0,0,0,1,0,0,0,0,0,0
340,NW SacramentoCounty,0,0,0,1,0,0,0,0,0,0
348,NW SacramentoCounty,0,0,0,1,0,0,0,0,0,0
363,NW SacramentoCounty,0,0,0,1,0,0,0,0,0,0
353,NW SacramentoCounty,0,0,0,1,0,0,0,0,0,0
359,NW SacramentoCounty,0,0,0,1,0,0,0,0,0,0
364,NW SacramentoCounty,0,0,0,1,0,0,0,0,0,0
341,NW SacramentoCounty,0,0,0,1,0,0,0,0,0,0
349,NW SacramentoCounty,0,0,0,1,0,0,0,0,0,0
354,NW SacramentoCounty,0,0,0,1,0,0,0,0,0,0
337,NW SacramentoCounty,0,0,0,1,0,0,0,0,0,0
878,NW SacramentoCounty,0,0,0,1,0,0,0,0,0,0
335,NW SacramentoCounty,0,0,0,1,0,0,0,0,0,0
336,NW SacramentoCounty,0,0,0,1,0,0,0,0,0,0
334,NW SacramentoCounty,0,0,0,1,0,0,0,0,0,0
1061,Placer,0,0,0,0,1,0,0,0,0,0
1060,Placer,0,0,0,0,1,0,0,0,0,0
1059,Placer,0,0,0,0,1,0,0,0,0,0
1058,Placer,0,0,0,0,1,0,0,0,0,0
1057,Placer,0,0,0,0,1,0,0,0,0,0
1055,Placer,0,0,0,0,1,0,0,0,0,0
840,Placer,0,0,0,0,1,0,0,0,0,0
1056,Placer,0,0,0,0,1,0,0,0,0,0
157,Placer,0,0,0,0,1,0,0,0,0,0
968,Placer,0,0,0,0,1,0,0,0,0,0
977,Placer,0,0,0,0,1,0,0,0,0,0
975,Placer,0,0,0,0,1,0,0,0,0,0
215,Placer,0,0,0,0,1,0,0,0,0,0
966,Placer,0,0,0,0,1,0,0,0,0,0
980,Placer,0,0,0,0,1,0,0,0,0,0
1481,Placer,0,0,0,0,1,0,0,0,0,0
979,Placer,0,0,0,0,1,0,0,0,0,0
967,Placer,0,0,0,0,1,0,0,0,0,0
213,Placer,0,0,0,0,1,0,0,0,0,0
969,Placer,0,0,0,0,1,0,0,0,0,0
973,Placer,0,0,0,0,1,0,0,0,0,0
974,Placer,0,0,0,0,1,0,0,0,0,0
214,Placer,0,0,0,0,1,0,0,0,0,0
970,Placer,0,0,0,0,1,0,0,0,0,0
1482,Placer,0,0,0,0,1,0,0,0,0,0
972,Placer,0,0,0,0,1,0,0,0,0,0
971,Placer,0,0,0,0,1,0,0,0,0,0
961,Placer,0,0,0,0,1,0,0,0,0,0
965,Placer,0,0,0,0,1,0,0,0,0,0
841,Placer,0,0,0,0,1,0,0,0,0,0
212,Placer,0,0,0,0,1,0,0,0,0,0
960,Placer,0,0,0,0,1,0,0,0,0,0
963,Placer,0,0,0,0,1,0,0,0,0,0
964,Placer,0,0,0,0,1,0,0,0,0,0
1457,Placer,0,0,0,0,1,0,0,0,0,0
981,Placer,0,0,0,0,1,0,0,0,0,0
1456,Placer,0,0,0,0,1,0,0,0,0,0
1529,Placer,0,0,0,0,1,0,0,0,0,0
1511,Placer,0,0,0,0,1,0,0,0,0,0
1454,Placer,0,0,0,0,1,0,0,0,0,0
945,Placer,0,0,0,0,1,0,0,0,0,0
930,Placer,0,0,0,0,1,0,0,0,0,0
962,Placer,0,0,0,0,1,0,0,0,0,0
935,Placer,0,0,0,0,1,0,0,0,0,0
931,Placer,0,0,0,0,1,0,0,0,0,0
1455,Placer,0,0,0,0,1,0,0,0,0,0
936,Placer,0,0,0,0,1,0,0,0,0,0
929,Placer,0,0,0,0,1,0,0,0,0,0
207,Placer,0,0,0,0,1,0,0,0,0,0
934,Placer,0,0,0,0,1,0,0,0,0,0
158,Placer,0,0,0,0,1,0,0,0,0,0
933,Placer,0,0,0,0,1,0,0,0,0,0
159,Placer,0,0,0,0,1,0,0,0,0,0
932,Placer,0,0,0,0,1,0,0,0,0,0
942,Placer,0,0,0,0,1,0,0,0,0,0
210,Placer,0,0,0,0,1,0,0,0,0,0
1458,Placer,0,0,0,0,1,0,0,0,0,0
940,Placer,0,0,0,0,1,0,0,0,0,0
845,Placer,0,0,0,0,1,0,0,0,0,0
941,Placer,0,0,0,0,1,0,0,0,0,0
211,Placer,0,0,0,0,1,0,0,0,0,0
938,Placer,0,0,0,0,1,0,0,0,0,0
1453,Placer,0,0,0,0,1,0,0,0,0,0
939,Placer,0,0,0,0,1,0,0,0,0,0
205,Placer,0,0,0,0,1,0,0,0,0,0
937,Placer,0,0,0,0,1,0,0,0,0,0
209,Placer,0,0,0,0,1,0,0,0,0,0
208,Placer,0,0,0,0,1,0,0,0,0,0
1459,Placer,0,0,0,0,1,0,0,0,0,0
943,Placer,0,0,0,0,1,0,0,0,0,0
1447,Placer,0,0,0,0,1,0,0,0,0,0
1452,Placer,0,0,0,0,1,0,0,0,0,0
1448,Placer,0,0,0,0,1,0,0,0,0,0
1149,Placer,0,0,0,0,1,0,0,0,0,0
160,Placer,0,0,0,0,1,0,0,0,0,0
846,Placer,0,0,0,0,1,0,0,0,0,0
944,Placer,0,0,0,0,1,0,0,0,0,0
1450,Placer,0,0,0,0,1,0,0,0,0,0
206,Placer,0,0,0,0,1,0,0,0,0,0
1091,Placer,0,0,0,0,1,0,0,0,0,0
1449,Placer,0,0,0,0,1,0,0,0,0,0
1461,Placer,0,0,0,0,1,0,0,0,0,0
842,Placer,0,0,0,0,1,0,0,0,0,0
1462,Placer,0,0,0,0,1,0,0,0,0,0
203,Placer,0,0,0,0,1,0,0,0,0,0
1451,Placer,0,0,0,0,1,0,0,0,0,0
836,Placer,0,0,0,0,1,0,0,0,0,0
958,Placer,0,0,0,0,1,0,0,0,0,0
1460,Placer,0,0,0,0,1,0,0,0,0,0
1526,Placer,0,0,0,0,1,0,0,0,0,0
835,Placer,0,0,0,0,1,0,0,0,0,0
202,Placer,0,0,0,0,1,0,0,0,0,0
843,Placer,0,0,0,0,1,0,0,0,0,0
838,Placer,0,0,0,0,1,0,0,0,0,0
1510,Placer,0,0,0,0,1,0,0,0,0,0
1092,Placer,0,0,0,0,1,0,0,0,0,0
844,Placer,0,0,0,0,1,0,0,0,0,0
978,Placer,0,0,0,0,1,0,0,0,0,0
1464,Placer,0,0,0,0,1,0,0,0,0,0
1446,Placer,0,0,0,0,1,0,0,0,0,0
839,Placer,0,0,0,0,1,0,0,0,0,0
1463,Placer,0,0,0,0,1,0,0,0,0,0
1443,Placer,0,0,0,0,1,0,0,0,0,0
985,Placer,0,0,0,0,1,0,0,0,0,0
1444,Placer,0,0,0,0,1,0,0,0,0,0
983,Placer,0,0,0,0,1,0,0,0,0,0
200,Placer,0,0,0,0,1,0,0,0,0,0
199,Placer,0,0,0,0,1,0,0,0,0,0
162,Placer,0,0,0,0,1,0,0,0,0,0
197,Placer,0,0,0,0,1,0,0,0,0,0
196,Placer,0,0,0,0,1,0,0,0,0,0
201,Placer,0,0,0,0,1,0,0,0,0,0
956,Placer,0,0,0,0,1,0,0,0,0,0
984,Placer,0,0,0,0,1,0,0,0,0,0
1466,Placer,0,0,0,0,1,0,0,0,0,0
195,Placer,0,0,0,0,1,0,0,0,0,0
1438,Placer,0,0,0,0,1,0,0,0,0,0
1439,Placer,0,0,0,0,1,0,0,0,0,0
1441,Placer,0,0,0,0,1,0,0,0,0,0
194,Placer,0,0,0,0,1,0,0,0,0,0
198,Placer,0,0,0,0,1,0,0,0,0,0
1437,Placer,0,0,0,0,1,0,0,0,0,0
957,Placer,0,0,0,0,1,0,0,0,0,0
1084,Placer,0,0,0,0,1,0,0,0,0,0
955,Placer,0,0,0,0,1,0,0,0,0,0
189,Placer,0,0,0,0,1,0,0,0,0,0
192,Placer,0,0,0,0,1,0,0,0,0,0
1089,Placer,0,0,0,0,1,0,0,0,0,0
1465,Placer,0,0,0,0,1,0,0,0,0,0
187,Placer,0,0,0,0,1,0,0,0,0,0
190,Placer,0,0,0,0,1,0,0,0,0,0
1467,Placer,0,0,0,0,1,0,0,0,0,0
1087,Placer,0,0,0,0,1,0,0,0,0,0
1436,Placer,0,0,0,0,1,0,0,0,0,0
1435,Placer,0,0,0,0,1,0,0,0,0,0
1440,Placer,0,0,0,0,1,0,0,0,0,0
1442,Placer,0,0,0,0,1,0,0,0,0,0
1445,Placer,0,0,0,0,1,0,0,0,0,0
193,Placer,0,0,0,0,1,0,0,0,0,0
191,Placer,0,0,0,0,1,0,0,0,0,0
1147,Placer,0,0,0,0,1,0,0,0,0,0
1090,Placer,0,0,0,0,1,0,0,0,0,0
982,Placer,0,0,0,0,1,0,0,0,0,0
1434,Placer,0,0,0,0,1,0,0,0,0,0
1085,Placer,0,0,0,0,1,0,0,0,0,0
186,Placer,0,0,0,0,1,0,0,0,0,0
1083,Placer,0,0,0,0,1,0,0,0,0,0
1088,Placer,0,0,0,0,1,0,0,0,0,0
188,Placer,0,0,0,0,1,0,0,0,0,0
1418,Placer,0,0,0,0,1,0,0,0,0,0
1422,Placer,0,0,0,0,1,0,0,0,0,0
185,Placer,0,0,0,0,1,0,0,0,0,0
184,Placer,0,0,0,0,1,0,0,0,0,0
1472,Placer,0,0,0,0,1,0,0,0,0,0
1471,Placer,0,0,0,0,1,0,0,0,0,0
1086,Placer,0,0,0,0,1,0,0,0,0,0
161,Placer,0,0,0,0,1,0,0,0,0,0
976,Placer,0,0,0,0,1,0,0,0,0,0
182,Placer,0,0,0,0,1,0,0,0,0,0
837,Placer,0,0,0,0,1,0,0,0,0,0
1420,Placer,0,0,0,0,1,0,0,0,0,0
1421,Placer,0,0,0,0,1,0,0,0,0,0
1424,Placer,0,0,0,0,1,0,0,0,0,0
166,Placer,0,0,0,0,1,0,0,0,0,0
1137,Placer,0,0,0,0,1,0,0,0,0,0
183,Placer,0,0,0,0,1,0,0,0,0,0
181,Placer,0,0,0,0,1,0,0,0,0,0
180,Placer,0,0,0,0,1,0,0,0,0,0
1082,Placer,0,0,0,0,1,0,0,0,0,0
165,Placer,0,0,0,0,1,0,0,0,0,0
951,Placer,0,0,0,0,1,0,0,0,0,0
173,Placer,0,0,0,0,1,0,0,0,0,0
1468,Placer,0,0,0,0,1,0,0,0,0,0
178,Placer,0,0,0,0,1,0,0,0,0,0
954,Placer,0,0,0,0,1,0,0,0,0,0
179,Placer,0,0,0,0,1,0,0,0,0,0
1425,Placer,0,0,0,0,1,0,0,0,0,0
176,Placer,0,0,0,0,1,0,0,0,0,0
1427,Placer,0,0,0,0,1,0,0,0,0,0
1423,Placer,0,0,0,0,1,0,0,0,0,0
1428,Placer,0,0,0,0,1,0,0,0,0,0
1469,Placer,0,0,0,0,1,0,0,0,0,0
1158,Placer,0,0,0,0,1,0,0,0,0,0
1417,Placer,0,0,0,0,1,0,0,0,0,0
1157,Placer,0,0,0,0,1,0,0,0,0,0
1415,Placer,0,0,0,0,1,0,0,0,0,0
1040,Placer,0,0,0,0,1,0,0,0,0,0
1419,Placer,0,0,0,0,1,0,0,0,0,0
163,Placer,0,0,0,0,1,0,0,0,0,0
988,Placer,0,0,0,0,1,0,0,0,0,0
167,Placer,0,0,0,0,1,0,0,0,0,0
947,Placer,0,0,0,0,1,0,0,0,0,0
168,Placer,0,0,0,0,1,0,0,0,0,0
164,Placer,0,0,0,0,1,0,0,0,0,0
1470,Placer,0,0,0,0,1,0,0,0,0,0
1039,Placer,0,0,0,0,1,0,0,0,0,0
1081,Placer,0,0,0,0,1,0,0,0,0,0
174,Placer,0,0,0,0,1,0,0,0,0,0
177,Placer,0,0,0,0,1,0,0,0,0,0
953,Placer,0,0,0,0,1,0,0,0,0,0
1426,Placer,0,0,0,0,1,0,0,0,0,0
171,Placer,0,0,0,0,1,0,0,0,0,0
1148,Placer,0,0,0,0,1,0,0,0,0,0
1416,Placer,0,0,0,0,1,0,0,0,0,0
172,Placer,0,0,0,0,1,0,0,0,0,0
175,Placer,0,0,0,0,1,0,0,0,0,0
169,Placer,0,0,0,0,1,0,0,0,0,0
946,Placer,0,0,0,0,1,0,0,0,0,0
170,Placer,0,0,0,0,1,0,0,0,0,0
949,Placer,0,0,0,0,1,0,0,0,0,0
948,Placer,0,0,0,0,1,0,0,0,0,0
950,Placer,0,0,0,0,1,0,0,0,0,0
952,Placer,0,0,0,0,1,0,0,0,0,0
1530,Placer,0,0,0,0,1,0,0,0,0,0
204,Placer,0,0,0,0,1,0,0,0,0,0
549,SE SacramentoCounty,0,0,0,0,0,1,0,0,0,0
550,SE SacramentoCounty,0,0,0,0,0,1,0,0,0,0
1523,SE SacramentoCounty,0,0,0,0,0,1,0,0,0,0
1524,SE SacramentoCounty,0,0,0,0,0,1,0,0,0,0
1146,SE SacramentoCounty,0,0,0,0,0,1,0,0,0,0
1222,SE SacramentoCounty,0,0,0,0,0,1,0,0,0,0
1145,SE SacramentoCounty,0,0,0,0,0,1,0,0,0,0
548,SE SacramentoCounty,0,0,0,0,0,1,0,0,0,0
547,SE SacramentoCounty,0,0,0,0,0,1,0,0,0,0
555,SE SacramentoCounty,0,0,0,0,0,1,0,0,0,0
554,SE SacramentoCounty,0,0,0,0,0,1,0,0,0,0
553,SE SacramentoCounty,0,0,0,0,0,1,0,0,0,0
634,SE SacramentoCounty,0,0,0,0,0,1,0,0,0,0
644,SE SacramentoCounty,0,0,0,0,0,1,0,0,0,0
645,SE SacramentoCounty,0,0,0,0,0,1,0,0,0,0
1126,SE SacramentoCounty,0,0,0,0,0,1,0,0,0,0
635,SE SacramentoCounty,0,0,0,0,0,1,0,0,0,0
633,SE SacramentoCounty,0,0,0,0,0,1,0,0,0,0
625,SE SacramentoCounty,0,0,0,0,0,1,0,0,0,0
626,SE SacramentoCounty,0,0,0,0,0,1,0,0,0,0
624,SE SacramentoCounty,0,0,0,0,0,1,0,0,0,0
1187,SE SacramentoCounty,0,0,0,0,0,1,0,0,0,0
1186,SE SacramentoCounty,0,0,0,0,0,1,0,0,0,0
618,SE SacramentoCounty,0,0,0,0,0,1,0,0,0,0
913,SE SacramentoCounty,0,0,0,0,0,1,0,0,0,0
613,SE SacramentoCounty,0,0,0,0,0,1,0,0,0,0
648,SE SacramentoCounty,0,0,0,0,0,1,0,0,0,0
612,SE SacramentoCounty,0,0,0,0,0,1,0,0,0,0
909,SE SacramentoCounty,0,0,0,0,0,1,0,0,0,0
615,SE SacramentoCounty,0,0,0,0,0,1,0,0,0,0
616,SE SacramentoCounty,0,0,0,0,0,1,0,0,0,0
908,SE SacramentoCounty,0,0,0,0,0,1,0,0,0,0
910,SE SacramentoCounty,0,0,0,0,0,1,0,0,0,0
650,SE SacramentoCounty,0,0,0,0,0,1,0,0,0,0
614,SE SacramentoCounty,0,0,0,0,0,1,0,0,0,0
617,SE SacramentoCounty,0,0,0,0,0,1,0,0,0,0
912,SE SacramentoCounty,0,0,0,0,0,1,0,0,0,0
911,SE SacramentoCounty,0,0,0,0,0,1,0,0,0,0
1199,SE SacramentoCounty,0,0,0,0,0,1,0,0,0,0
652,SE SacramentoCounty,0,0,0,0,0,1,0,0,0,0
649,SE SacramentoCounty,0,0,0,0,0,1,0,0,0,0
647,SE SacramentoCounty,0,0,0,0,0,1,0,0,0,0
708,SE SacramentoCounty,0,0,0,0,0,1,0,0,0,0
651,SE SacramentoCounty,0,0,0,0,0,1,0,0,0,0
637,SE SacramentoCounty,0,0,0,0,0,1,0,0,0,0
709,SE SacramentoCounty,0,0,0,0,0,1,0,0,0,0
646,SE SacramentoCounty,0,0,0,0,0,1,0,0,0,0
639,SE SacramentoCounty,0,0,0,0,0,1,0,0,0,0
654,SE SacramentoCounty,0,0,0,0,0,1,0,0,0,0
638,SE SacramentoCounty,0,0,0,0,0,1,0,0,0,0
636,SE SacramentoCounty,0,0,0,0,0,1,0,0,0,0
710,SE SacramentoCounty,0,0,0,0,0,1,0,0,0,0
711,SE SacramentoCounty,0,0,0,0,0,1,0,0,0,0
707,SE SacramentoCounty,0,0,0,0,0,1,0,0,0,0
1130,SE SacramentoCounty,0,0,0,0,0,1,0,0,0,0
712,SE SacramentoCounty,0,0,0,0,0,1,0,0,0,0
643,SE SacramentoCounty,0,0,0,0,0,1,0,0,0,0
713,SE SacramentoCounty,0,0,0,0,0,1,0,0,0,0
653,SE SacramentoCounty,0,0,0,0,0,1,0,0,0,0
640,SE SacramentoCounty,0,0,0,0,0,1,0,0,0,0
642,SE SacramentoCounty,0,0,0,0,0,1,0,0,0,0
705,SE SacramentoCounty,0,0,0,0,0,1,0,0,0,0
641,SE SacramentoCounty,0,0,0,0,0,1,0,0,0,0
714,SE SacramentoCounty,0,0,0,0,0,1,0,0,0,0
706,SE SacramentoCounty,0,0,0,0,0,1,0,0,0,0
1303,Sutter,0,0,0,0,0,0,1,0,0,0
1302,Sutter,0,0,0,0,0,0,1,0,0,0
1300,Sutter,0,0,0,0,0,0,1,0,0,0
1306,Sutter,0,0,0,0,0,0,1,0,0,0
1304,Sutter,0,0,0,0,0,0,1,0,0,0
1305,Sutter,0,0,0,0,0,0,1,0,0,0
1301,Sutter,0,0,0,0,0,0,1,0,0,0
1309,Sutter,0,0,0,0,0,0,1,0,0,0
1292,Sutter,0,0,0,0,0,0,1,0,0,0
1293,Sutter,0,0,0,0,0,0,1,0,0,0
1307,Sutter,0,0,0,0,0,0,1,0,0,0
1308,Sutter,0,0,0,0,0,0,1,0,0,0
1287,Sutter,0,0,0,0,0,0,1,0,0,0
1313,Sutter,0,0,0,0,0,0,1,0,0,0
1291,Sutter,0,0,0,0,0,0,1,0,0,0
1240,Sutter,0,0,0,0,0,0,1,0,0,0
1243,Sutter,0,0,0,0,0,0,1,0,0,0
1295,Sutter,0,0,0,0,0,0,1,0,0,0
1294,Sutter,0,0,0,0,0,0,1,0,0,0
1288,Sutter,0,0,0,0,0,0,1,0,0,0
1490,Sutter,0,0,0,0,0,0,1,0,0,0
1289,Sutter,0,0,0,0,0,0,1,0,0,0
1310,Sutter,0,0,0,0,0,0,1,0,0,0
1290,Sutter,0,0,0,0,0,0,1,0,0,0
1299,Sutter,0,0,0,0,0,0,1,0,0,0
1242,Sutter,0,0,0,0,0,0,1,0,0,0
1241,Sutter,0,0,0,0,0,0,1,0,0,0
1296,Sutter,0,0,0,0,0,0,1,0,0,0
1244,Sutter,0,0,0,0,0,0,1,0,0,0
1245,Sutter,0,0,0,0,0,0,1,0,0,0
1246,Sutter,0,0,0,0,0,0,1,0,0,0
1247,Sutter,0,0,0,0,0,0,1,0,0,0
1298,Sutter,0,0,0,0,0,0,1,0,0,0
1297,Sutter,0,0,0,0,0,0,1,0,0,0
1398,Sutter,0,0,0,0,0,0,1,0,0,0
1250,Sutter,0,0,0,0,0,0,1,0,0,0
1286,Sutter,0,0,0,0,0,0,1,0,0,0
1248,Sutter,0,0,0,0,0,0,1,0,0,0
1285,Sutter,0,0,0,0,0,0,1,0,0,0
1249,Sutter,0,0,0,0,0,0,1,0,0,0
1489,Sutter,0,0,0,0,0,0,1,0,0,0
1284,Sutter,0,0,0,0,0,0,1,0,0,0
1283,Sutter,0,0,0,0,0,0,1,0,0,0
1254,Sutter,0,0,0,0,0,0,1,0,0,0
1251,Sutter,0,0,0,0,0,0,1,0,0,0
1253,Sutter,0,0,0,0,0,0,1,0,0,0
1252,Sutter,0,0,0,0,0,0,1,0,0,0
1256,Sutter,0,0,0,0,0,0,1,0,0,0
1487,Sutter,0,0,0,0,0,0,1,0,0,0
1488,Sutter,0,0,0,0,0,0,1,0,0,0
1257,Sutter,0,0,0,0,0,0,1,0,0,0
1262,Sutter,0,0,0,0,0,0,1,0,0,0
1255,Sutter,0,0,0,0,0,0,1,0,0,0
1278,Sutter,0,0,0,0,0,0,1,0,0,0
1261,Sutter,0,0,0,0,0,0,1,0,0,0
1277,Sutter,0,0,0,0,0,0,1,0,0,0
1276,Sutter,0,0,0,0,0,0,1,0,0,0
1275,Sutter,0,0,0,0,0,0,1,0,0,0
1258,Sutter,0,0,0,0,0,0,1,0,0,0
1260,Sutter,0,0,0,0,0,0,1,0,0,0
1239,Sutter,0,0,0,0,0,0,1,0,0,0
1259,Sutter,0,0,0,0,0,0,1,0,0,0
1265,Sutter,0,0,0,0,0,0,1,0,0,0
1263,Sutter,0,0,0,0,0,0,1,0,0,0
1279,Sutter,0,0,0,0,0,0,1,0,0,0
1280,Sutter,0,0,0,0,0,0,1,0,0,0
1281,Sutter,0,0,0,0,0,0,1,0,0,0
1282,Sutter,0,0,0,0,0,0,1,0,0,0
1264,Sutter,0,0,0,0,0,0,1,0,0,0
1266,Sutter,0,0,0,0,0,0,1,0,0,0
1267,Sutter,0,0,0,0,0,0,1,0,0,0
1272,Sutter,0,0,0,0,0,0,1,0,0,0
1273,Sutter,0,0,0,0,0,0,1,0,0,0
1274,Sutter,0,0,0,0,0,0,1,0,0,0
1269,Sutter,0,0,0,0,0,0,1,0,0,0
1268,Sutter,0,0,0,0,0,0,1,0,0,0
1271,Sutter,0,0,0,0,0,0,1,0,0,0
1270,Sutter,0,0,0,0,0,0,1,0,0,0
1314,Sutter,0,0,0,0,0,0,1,0,0,0
1315,Sutter,0,0,0,0,0,0,1,0,0,0
1311,Sutter,0,0,0,0,0,0,1,0,0,0
32,Sutter,0,0,0,0,0,0,1,0,0,0
31,Sutter,0,0,0,0,0,0,1,0,0,0
1312,Sutter,0,0,0,0,0,0,1,0,0,0
33,Sutter,0,0,0,0,0,0,1,0,0,0
39,Sutter,0,0,0,0,0,0,1,0,0,0
34,Sutter,0,0,0,0,0,0,1,0,0,0
38,Sutter,0,0,0,0,0,0,1,0,0,0
35,Sutter,0,0,0,0,0,0,1,0,0,0
1432,Sutter,0,0,0,0,0,0,1,0,0,0
36,Sutter,0,0,0,0,0,0,1,0,0,0
37,Sutter,0,0,0,0,0,0,1,0,0,0
1431,Sutter,0,0,0,0,0,0,1,0,0,0
748,SW SacramentoCounty,0,0,0,0,0,0,0,1,0,0
727,SW SacramentoCounty,0,0,0,0,0,0,0,1,0,0
728,SW SacramentoCounty,0,0,0,0,0,0,0,1,0,0
1201,SW SacramentoCounty,0,0,0,0,0,0,0,1,0,0
739,SW SacramentoCounty,0,0,0,0,0,0,0,1,0,0
740,SW SacramentoCounty,0,0,0,0,0,0,0,1,0,0
754,SW SacramentoCounty,0,0,0,0,0,0,0,1,0,0
1133,SW SacramentoCounty,0,0,0,0,0,0,0,1,0,0
1135,SW SacramentoCounty,0,0,0,0,0,0,0,1,0,0
1532,SW SacramentoCounty,0,0,0,0,0,0,0,1,0,0
1190,SW SacramentoCounty,0,0,0,0,0,0,0,1,0,0
722,SW SacramentoCounty,0,0,0,0,0,0,0,1,0,0
1136,SW SacramentoCounty,0,0,0,0,0,0,0,1,0,0
721,SW SacramentoCounty,0,0,0,0,0,0,0,1,0,0
726,SW SacramentoCounty,0,0,0,0,0,0,0,1,0,0
1200,SW SacramentoCounty,0,0,0,0,0,0,0,1,0,0
741,SW SacramentoCounty,0,0,0,0,0,0,0,1,0,0
1512,SW SacramentoCounty,0,0,0,0,0,0,0,1,0,0
1188,SW SacramentoCounty,0,0,0,0,0,0,0,1,0,0
723,SW SacramentoCounty,0,0,0,0,0,0,0,1,0,0
1194,SW SacramentoCounty,0,0,0,0,0,0,0,1,0,0
725,SW SacramentoCounty,0,0,0,0,0,0,0,1,0,0
1191,SW SacramentoCounty,0,0,0,0,0,0,0,1,0,0
744,SW SacramentoCounty,0,0,0,0,0,0,0,1,0,0
1189,SW SacramentoCounty,0,0,0,0,0,0,0,1,0,0
1196,SW SacramentoCounty,0,0,0,0,0,0,0,1,0,0
1195,SW SacramentoCounty,0,0,0,0,0,0,0,1,0,0
742,SW SacramentoCounty,0,0,0,0,0,0,0,1,0,0
738,SW SacramentoCounty,0,0,0,0,0,0,0,1,0,0
724,SW SacramentoCounty,0,0,0,0,0,0,0,1,0,0
1193,SW SacramentoCounty,0,0,0,0,0,0,0,1,0,0
1192,SW SacramentoCounty,0,0,0,0,0,0,0,1,0,0
1197,SW SacramentoCounty,0,0,0,0,0,0,0,1,0,0
1198,SW SacramentoCounty,0,0,0,0,0,0,0,1,0,0
743,SW SacramentoCounty,0,0,0,0,0,0,0,1,0,0
730,SW SacramentoCounty,0,0,0,0,0,0,0,1,0,0
731,SW SacramentoCounty,0,0,0,0,0,0,0,1,0,0
1533,SW SacramentoCounty,0,0,0,0,0,0,0,1,0,0
745,SW SacramentoCounty,0,0,0,0,0,0,0,1,0,0
732,SW SacramentoCounty,0,0,0,0,0,0,0,1,0,0
729,SW SacramentoCounty,0,0,0,0,0,0,0,1,0,0
757,SW SacramentoCounty,0,0,0,0,0,0,0,1,0,0
746,SW SacramentoCounty,0,0,0,0,0,0,0,1,0,0
747,SW SacramentoCounty,0,0,0,0,0,0,0,1,0,0
761,SW SacramentoCounty,0,0,0,0,0,0,0,1,0,0
733,SW SacramentoCounty,0,0,0,0,0,0,0,1,0,0
736,SW SacramentoCounty,0,0,0,0,0,0,0,1,0,0
737,SW SacramentoCounty,0,0,0,0,0,0,0,1,0,0
756,SW SacramentoCounty,0,0,0,0,0,0,0,1,0,0
762,SW SacramentoCounty,0,0,0,0,0,0,0,1,0,0
734,SW SacramentoCounty,0,0,0,0,0,0,0,1,0,0
735,SW SacramentoCounty,0,0,0,0,0,0,0,1,0,0
755,SW SacramentoCounty,0,0,0,0,0,0,0,1,0,0
759,SW SacramentoCounty,0,0,0,0,0,0,0,1,0,0
760,SW SacramentoCounty,0,0,0,0,0,0,0,1,0,0
758,SW SacramentoCounty,0,0,0,0,0,0,0,1,0,0
918,SW SacramentoCounty,0,0,0,0,0,0,0,1,0,0
832,SW SacramentoCounty,0,0,0,0,0,0,0,1,0,0
834,SW SacramentoCounty,0,0,0,0,0,0,0,1,0,0
833,SW SacramentoCounty,0,0,0,0,0,0,0,1,0,0
996,Yolo,0,0,0,0,0,0,0,0,1,0
822,Yolo,0,0,0,0,0,0,0,0,1,0
995,Yolo,0,0,0,0,0,0,0,0,1,0
993,Yolo,0,0,0,0,0,0,0,0,1,0
994,Yolo,0,0,0,0,0,0,0,0,1,0
831,Yolo,0,0,0,0,0,0,0,0,1,0
823,Yolo,0,0,0,0,0,0,0,0,1,0
824,Yolo,0,0,0,0,0,0,0,0,1,0
825,Yolo,0,0,0,0,0,0,0,0,1,0
1151,Yolo,0,0,0,0,0,0,0,0,1,0
828,Yolo,0,0,0,0,0,0,0,0,1,0
829,Yolo,0,0,0,0,0,0,0,0,1,0
830,Yolo,0,0,0,0,0,0,0,0,1,0
1153,Yolo,0,0,0,0,0,0,0,0,1,0
1152,Yolo,0,0,0,0,0,0,0,0,1,0
46,Yolo,0,0,0,0,0,0,0,0,1,0
821,Yolo,0,0,0,0,0,0,0,0,1,0
826,Yolo,0,0,0,0,0,0,0,0,1,0
827,Yolo,0,0,0,0,0,0,0,0,1,0
1038,Yolo,0,0,0,0,0,0,0,0,1,0
155,Yolo,0,0,0,0,0,0,0,0,1,0
144,Yolo,0,0,0,0,0,0,0,0,1,0
142,Yolo,0,0,0,0,0,0,0,0,1,0
817,Yolo,0,0,0,0,0,0,0,0,1,0
154,Yolo,0,0,0,0,0,0,0,0,1,0
152,Yolo,0,0,0,0,0,0,0,0,1,0
153,Yolo,0,0,0,0,0,0,0,0,1,0
992,Yolo,0,0,0,0,0,0,0,0,1,0
141,Yolo,0,0,0,0,0,0,0,0,1,0
143,Yolo,0,0,0,0,0,0,0,0,1,0
156,Yolo,0,0,0,0,0,0,0,0,1,0
1514,Yolo,0,0,0,0,0,0,0,0,1,0
819,Yolo,0,0,0,0,0,0,0,0,1,0
991,Yolo,0,0,0,0,0,0,0,0,1,0
123,Yolo,0,0,0,0,0,0,0,0,1,0
124,Yolo,0,0,0,0,0,0,0,0,1,0
125,Yolo,0,0,0,0,0,0,0,0,1,0
117,Yolo,0,0,0,0,0,0,0,0,1,0
118,Yolo,0,0,0,0,0,0,0,0,1,0
119,Yolo,0,0,0,0,0,0,0,0,1,0
140,Yolo,0,0,0,0,0,0,0,0,1,0
820,Yolo,0,0,0,0,0,0,0,0,1,0
122,Yolo,0,0,0,0,0,0,0,0,1,0
121,Yolo,0,0,0,0,0,0,0,0,1,0
120,Yolo,0,0,0,0,0,0,0,0,1,0
116,Yolo,0,0,0,0,0,0,0,0,1,0
115,Yolo,0,0,0,0,0,0,0,0,1,0
145,Yolo,0,0,0,0,0,0,0,0,1,0
818,Yolo,0,0,0,0,0,0,0,0,1,0
129,Yolo,0,0,0,0,0,0,0,0,1,0
130,Yolo,0,0,0,0,0,0,0,0,1,0
131,Yolo,0,0,0,0,0,0,0,0,1,0
133,Yolo,0,0,0,0,0,0,0,0,1,0
132,Yolo,0,0,0,0,0,0,0,0,1,0
134,Yolo,0,0,0,0,0,0,0,0,1,0
146,Yolo,0,0,0,0,0,0,0,0,1,0
148,Yolo,0,0,0,0,0,0,0,0,1,0
147,Yolo,0,0,0,0,0,0,0,0,1,0
1515,Yolo,0,0,0,0,0,0,0,0,1,0
1144,Yolo,0,0,0,0,0,0,0,0,1,0
1143,Yolo,0,0,0,0,0,0,0,0,1,0
126,Yolo,0,0,0,0,0,0,0,0,1,0
135,Yolo,0,0,0,0,0,0,0,0,1,0
127,Yolo,0,0,0,0,0,0,0,0,1,0
128,Yolo,0,0,0,0,0,0,0,0,1,0
138,Yolo,0,0,0,0,0,0,0,0,1,0
989,Yolo,0,0,0,0,0,0,0,0,1,0
139,Yolo,0,0,0,0,0,0,0,0,1,0
149,Yolo,0,0,0,0,0,0,0,0,1,0
137,Yolo,0,0,0,0,0,0,0,0,1,0
136,Yolo,0,0,0,0,0,0,0,0,1,0
990,Yolo,0,0,0,0,0,0,0,0,1,0
151,Yolo,0,0,0,0,0,0,0,0,1,0
150,Yolo,0,0,0,0,0,0,0,0,1,0
816,Yolo,0,0,0,0,0,0,0,0,1,0
92,Yolo,0,0,0,0,0,0,0,0,1,0
91,Yolo,0,0,0,0,0,0,0,0,1,0
45,Yolo,0,0,0,0,0,0,0,0,1,0
814,Yolo,0,0,0,0,0,0,0,0,1,0
89,Yolo,0,0,0,0,0,0,0,0,1,0
90,Yolo,0,0,0,0,0,0,0,0,1,0
44,Yolo,0,0,0,0,0,0,0,0,1,0
43,Yolo,0,0,0,0,0,0,0,0,1,0
1170,Yolo,0,0,0,0,0,0,0,0,1,0
1169,Yolo,0,0,0,0,0,0,0,0,1,0
42,Yolo,0,0,0,0,0,0,0,0,1,0
40,Yolo,0,0,0,0,0,0,0,0,1,0
813,Yolo,0,0,0,0,0,0,0,0,1,0
93,Yolo,0,0,0,0,0,0,0,0,1,0
87,Yolo,0,0,0,0,0,0,0,0,1,0
88,Yolo,0,0,0,0,0,0,0,0,1,0
86,Yolo,0,0,0,0,0,0,0,0,1,0
94,Yolo,0,0,0,0,0,0,0,0,1,0
51,Yolo,0,0,0,0,0,0,0,0,1,0
986,Yolo,0,0,0,0,0,0,0,0,1,0
1078,Yolo,0,0,0,0,0,0,0,0,1,0
41,Yolo,0,0,0,0,0,0,0,0,1,0
58,Yolo,0,0,0,0,0,0,0,0,1,0
48,Yolo,0,0,0,0,0,0,0,0,1,0
57,Yolo,0,0,0,0,0,0,0,0,1,0
49,Yolo,0,0,0,0,0,0,0,0,1,0
1168,Yolo,0,0,0,0,0,0,0,0,1,0
52,Yolo,0,0,0,0,0,0,0,0,1,0
97,Yolo,0,0,0,0,0,0,0,0,1,0
53,Yolo,0,0,0,0,0,0,0,0,1,0
1167,Yolo,0,0,0,0,0,0,0,0,1,0
47,Yolo,0,0,0,0,0,0,0,0,1,0
50,Yolo,0,0,0,0,0,0,0,0,1,0
55,Yolo,0,0,0,0,0,0,0,0,1,0
1183,Yolo,0,0,0,0,0,0,0,0,1,0
54,Yolo,0,0,0,0,0,0,0,0,1,0
56,Yolo,0,0,0,0,0,0,0,0,1,0
862,Yolo,0,0,0,0,0,0,0,0,1,0
106,Yolo,0,0,0,0,0,0,0,0,1,0
104,Yolo,0,0,0,0,0,0,0,0,1,0
96,Yolo,0,0,0,0,0,0,0,0,1,0
59,Yolo,0,0,0,0,0,0,0,0,1,0
60,Yolo,0,0,0,0,0,0,0,0,1,0
815,Yolo,0,0,0,0,0,0,0,0,1,0
84,Yolo,0,0,0,0,0,0,0,0,1,0
68,Yolo,0,0,0,0,0,0,0,0,1,0
67,Yolo,0,0,0,0,0,0,0,0,1,0
83,Yolo,0,0,0,0,0,0,0,0,1,0
113,Yolo,0,0,0,0,0,0,0,0,1,0
114,Yolo,0,0,0,0,0,0,0,0,1,0
111,Yolo,0,0,0,0,0,0,0,0,1,0
112,Yolo,0,0,0,0,0,0,0,0,1,0
100,Yolo,0,0,0,0,0,0,0,0,1,0
103,Yolo,0,0,0,0,0,0,0,0,1,0
95,Yolo,0,0,0,0,0,0,0,0,1,0
1164,Yolo,0,0,0,0,0,0,0,0,1,0
105,Yolo,0,0,0,0,0,0,0,0,1,0
101,Yolo,0,0,0,0,0,0,0,0,1,0
107,Yolo,0,0,0,0,0,0,0,0,1,0
1079,Yolo,0,0,0,0,0,0,0,0,1,0
1166,Yolo,0,0,0,0,0,0,0,0,1,0
1173,Yolo,0,0,0,0,0,0,0,0,1,0
99,Yolo,0,0,0,0,0,0,0,0,1,0
108,Yolo,0,0,0,0,0,0,0,0,1,0
61,Yolo,0,0,0,0,0,0,0,0,1,0
1080,Yolo,0,0,0,0,0,0,0,0,1,0
109,Yolo,0,0,0,0,0,0,0,0,1,0
110,Yolo,0,0,0,0,0,0,0,0,1,0
82,Yolo,0,0,0,0,0,0,0,0,1,0
85,Yolo,0,0,0,0,0,0,0,0,1,0
81,Yolo,0,0,0,0,0,0,0,0,1,0
102,Yolo,0,0,0,0,0,0,0,0,1,0
1165,Yolo,0,0,0,0,0,0,0,0,1,0
987,Yolo,0,0,0,0,0,0,0,0,1,0
1141,Yolo,0,0,0,0,0,0,0,0,1,0
65,Yolo,0,0,0,0,0,0,0,0,1,0
66,Yolo,0,0,0,0,0,0,0,0,1,0
62,Yolo,0,0,0,0,0,0,0,0,1,0
1036,Yolo,0,0,0,0,0,0,0,0,1,0
98,Yolo,0,0,0,0,0,0,0,0,1,0
1037,Yolo,0,0,0,0,0,0,0,0,1,0
64,Yolo,0,0,0,0,0,0,0,0,1,0
63,Yolo,0,0,0,0,0,0,0,0,1,0
73,Yolo,0,0,0,0,0,0,0,0,1,0
72,Yolo,0,0,0,0,0,0,0,0,1,0
80,Yolo,0,0,0,0,0,0,0,0,1,0
69,Yolo,0,0,0,0,0,0,0,0,1,0
71,Yolo,0,0,0,0,0,0,0,0,1,0
70,Yolo,0,0,0,0,0,0,0,0,1,0
76,Yolo,0,0,0,0,0,0,0,0,1,0
77,Yolo,0,0,0,0,0,0,0,0,1,0
75,Yolo,0,0,0,0,0,0,0,0,1,0
74,Yolo,0,0,0,0,0,0,0,0,1,0
79,Yolo,0,0,0,0,0,0,0,0,1,0
78,Yolo,0,0,0,0,0,0,0,0,1,0
1395,Yuba,0,0,0,0,0,0,0,0,0,1
1394,Yuba,0,0,0,0,0,0,0,0,0,1
1391,Yuba,0,0,0,0,0,0,0,0,0,1
1393,Yuba,0,0,0,0,0,0,0,0,0,1
1392,Yuba,0,0,0,0,0,0,0,0,0,1
1390,Yuba,0,0,0,0,0,0,0,0,0,1
1384,Yuba,0,0,0,0,0,0,0,0,0,1
1383,Yuba,0,0,0,0,0,0,0,0,0,1
1389,Yuba,0,0,0,0,0,0,0,0,0,1
1374,Yuba,0,0,0,0,0,0,0,0,0,1
1388,Yuba,0,0,0,0,0,0,0,0,0,1
1382,Yuba,0,0,0,0,0,0,0,0,0,1
1387,Yuba,0,0,0,0,0,0,0,0,0,1
1386,Yuba,0,0,0,0,0,0,0,0,0,1
1375,Yuba,0,0,0,0,0,0,0,0,0,1
1385,Yuba,0,0,0,0,0,0,0,0,0,1
1372,Yuba,0,0,0,0,0,0,0,0,0,1
1486,Yuba,0,0,0,0,0,0,0,0,0,1
1325,Yuba,0,0,0,0,0,0,0,0,0,1
1337,Yuba,0,0,0,0,0,0,0,0,0,1
1335,Yuba,0,0,0,0,0,0,0,0,0,1
1336,Yuba,0,0,0,0,0,0,0,0,0,1
1373,Yuba,0,0,0,0,0,0,0,0,0,1
1338,Yuba,0,0,0,0,0,0,0,0,0,1
1326,Yuba,0,0,0,0,0,0,0,0,0,1
1341,Yuba,0,0,0,0,0,0,0,0,0,1
1485,Yuba,0,0,0,0,0,0,0,0,0,1
1378,Yuba,0,0,0,0,0,0,0,0,0,1
1371,Yuba,0,0,0,0,0,0,0,0,0,1
1331,Yuba,0,0,0,0,0,0,0,0,0,1
1339,Yuba,0,0,0,0,0,0,0,0,0,1
1340,Yuba,0,0,0,0,0,0,0,0,0,1
1329,Yuba,0,0,0,0,0,0,0,0,0,1
1333,Yuba,0,0,0,0,0,0,0,0,0,1
1381,Yuba,0,0,0,0,0,0,0,0,0,1
1328,Yuba,0,0,0,0,0,0,0,0,0,1
1327,Yuba,0,0,0,0,0,0,0,0,0,1
1330,Yuba,0,0,0,0,0,0,0,0,0,1
1343,Yuba,0,0,0,0,0,0,0,0,0,1
1334,Yuba,0,0,0,0,0,0,0,0,0,1
1332,Yuba,0,0,0,0,0,0,0,0,0,1
1348,Yuba,0,0,0,0,0,0,0,0,0,1
1342,Yuba,0,0,0,0,0,0,0,0,0,1
1347,Yuba,0,0,0,0,0,0,0,0,0,1
1349,Yuba,0,0,0,0,0,0,0,0,0,1
1350,Yuba,0,0,0,0,0,0,0,0,0,1
1344,Yuba,0,0,0,0,0,0,0,0,0,1
1345,Yuba,0,0,0,0,0,0,0,0,0,1
1346,Yuba,0,0,0,0,0,0,0,0,0,1
1351,Yuba,0,0,0,0,0,0,0,0,0,1
1377,Yuba,0,0,0,0,0,0,0,0,0,1
1352,Yuba,0,0,0,0,0,0,0,0,0,1
1484,Yuba,0,0,0,0,0,0,0,0,0,1
1355,Yuba,0,0,0,0,0,0,0,0,0,1
1354,Yuba,0,0,0,0,0,0,0,0,0,1
1376,Yuba,0,0,0,0,0,0,0,0,0,1
1379,Yuba,0,0,0,0,0,0,0,0,0,1
1356,Yuba,0,0,0,0,0,0,0,0,0,1
1357,Yuba,0,0,0,0,0,0,0,0,0,1
1353,Yuba,0,0,0,0,0,0,0,0,0,1
1380,Yuba,0,0,0,0,0,0,0,0,0,1
1358,Yuba,0,0,0,0,0,0,0,0,0,1
1359,Yuba,0,0,0,0,0,0,0,0,0,1
1360,Yuba,0,0,0,0,0,0,0,0,0,1
1479,Yuba,0,0,0,0,0,0,0,0,0,1
1364,Yuba,0,0,0,0,0,0,0,0,0,1
1363,Yuba,0,0,0,0,0,0,0,0,0,1
1362,Yuba,0,0,0,0,0,0,0,0,0,1
1365,Yuba,0,0,0,0,0,0,0,0,0,1
1366,Yuba,0,0,0,0,0,0,0,0,0,1
1476,Yuba,0,0,0,0,0,0,0,0,0,1
1483,Yuba,0,0,0,0,0,0,0,0,0,1
1480,Yuba,0,0,0,0,0,0,0,0,0,1
1361,Yuba,0,0,0,0,0,0,0,0,0,1
1475,Yuba,0,0,0,0,0,0,0,0,0,1
1370,Yuba,0,0,0,0,0,0,0,0,0,1
1397,Yuba,0,0,0,0,0,0,0,0,0,1
1478,Yuba,0,0,0,0,0,0,0,0,0,1
1396,Yuba,0,0,0,0,0,0,0,0,0,1
1477,Yuba,0,0,0,0,0,0,0,0,0,1
1369,Yuba,0,0,0,0,0,0,0,0,0,1
1367,Yuba,0,0,0,0,0,0,0,0,0,1
1474,Yuba,0,0,0,0,0,0,0,0,0,1
1368,Yuba,0,0,0,0,0,0,0,0,0,1
